hospital ,employee
1,1
2,2
3,3
4,4
5,5
6,6
7,7
8,8
9,9
10,10
11,11
12,12
13,13
14,14
15,15
16,16
17,17
18,18
19,19
20,20
21,21
22,22
23,23
24,24
25,25
26,26
27,27
28,28
29,29
30,30
31,31
32,32
33,33
34,34
35,35
36,36
37,37
38,38
39,39
40,40
41,41
42,42
43,43
44,44
45,45
46,46
47,47
48,48
49,49
50,50
51,51
52,52
53,53
54,54
55,55
56,56
57,57
58,58
59,59
60,60
61,61
62,62
63,63
64,64
65,65
66,66
67,67
68,68
69,69
70,70
71,71
72,72
73,73
74,74
75,75
76,76
77,77
78,78
79,79
80,80
81,81
82,82
83,83
84,84
85,85
86,86
87,87
88,88
89,89
90,90
91,91
92,92
93,93
94,94
95,95
96,96
97,97
98,98
99,99
100,100
101,101
102,102
103,103
104,104
105,105
106,106
107,107
108,108
109,109
110,110
111,111
112,112
113,113
114,114
115,115
116,116
117,117
118,118
119,119
120,120
121,121
122,122
123,123
124,124
125,125
126,126
127,127
128,128
129,129
130,130
131,131
132,132
133,133
134,134
135,135
136,136
137,137
138,138
139,139
140,140
141,141
142,142
143,143
144,144
145,145
146,146
147,147
148,148
149,149
150,150
151,151
152,152
153,153
154,154
155,155
156,156
157,157
158,158
159,159
160,160
161,161
162,162
163,163
164,164
165,165
166,166
167,167
168,168
169,169
170,170
171,171
172,172
173,173
174,174
175,175
176,176
177,177
178,178
179,179
180,180
181,181
182,182
183,183
184,184
185,185
186,186
187,187
188,188
189,189
190,190
191,191
192,192
193,193
194,194
195,195
196,196
197,197
198,198
199,199
200,200
201,201
202,202
203,203
204,204
205,205
206,206
207,207
208,208
209,209
210,210
211,211
212,212
213,213
214,214
215,215
216,216
217,217
218,218
219,219
220,220
221,221
222,222
223,223
224,224
225,225
226,226
227,227
228,228
229,229
230,230
231,231
232,232
233,233
234,234
235,235
236,236
237,237
238,238
239,239
240,240
241,241
242,242
243,243
244,244
245,245
246,246
247,247
248,248
249,249
250,250
251,251
252,252
253,253
254,254
255,255
256,256
257,257
258,258
259,259
260,260
261,261
262,262
263,263
264,264
265,265
266,266
267,267
268,268
269,269
270,270
271,271
272,272
273,273
274,274
275,275
276,276
277,277
278,278
279,279
280,280
281,281
282,282
283,283
284,284
285,285
286,286
287,287
288,288
289,289
290,290
291,291
292,292
293,293
294,294
295,295
296,296
297,297
298,298
299,299
300,300
301,301
302,302
303,303
304,304
305,305
306,306
307,307
308,308
309,309
310,310
311,311
312,312
313,313
314,314
315,315
316,316
317,317
318,318
319,319
320,320
321,321
322,322
323,323
324,324
325,325
326,326
327,327
328,328
329,329
330,330
331,331
332,332
333,333
334,334
335,335
336,336
337,337
338,338
339,339
340,340
341,341
342,342
343,343
344,344
345,345
346,346
347,347
348,348
349,349
350,350
351,351
352,352
353,353
354,354
355,355
356,356
357,357
358,358
359,359
360,360
361,361
362,362
363,363
364,364
365,365
366,366
367,367
368,368
369,369
370,370
371,371
372,372
373,373
374,374
375,375
376,376
377,377
378,378
379,379
380,380
381,381
382,382
383,383
384,384
385,385
386,386
387,387
388,388
389,389
390,390
391,391
392,392
393,393
394,394
395,395
396,396
397,397
398,398
399,399
400,400
401,401
402,402
403,403
404,404
405,405
406,406
407,407
408,408
409,409
410,410
411,411
412,412
413,413
414,414
415,415
416,416
417,417
418,418
419,419
420,420
421,421
422,422
423,423
424,424
425,425
426,426
427,427
428,428
429,429
430,430
431,431
432,432
433,433
434,434
435,435
436,436
437,437
438,438
439,439
440,440
441,441
442,442
443,443
444,444
445,445
446,446
447,447
448,448
449,449
450,450
451,451
452,452
453,453
454,454
455,455
456,456
457,457
458,458
459,459
460,460
461,461
462,462
463,463
464,464
465,465
466,466
467,467
468,468
469,469
470,470
471,471
472,472
473,473
474,474
475,475
476,476
477,477
478,478
479,479
480,480
481,481
482,482
483,483
484,484
485,485
486,486
487,487
488,488
489,489
490,490
491,491
492,492
493,493
494,494
495,495
496,496
497,497
498,498
499,499
500,500
501,501
502,502
503,503
504,504
505,505
506,506
507,507
508,508
509,509
510,510
511,511
512,512
513,513
514,514
515,515
516,516
517,517
518,518
519,519
520,520
521,521
522,522
523,523
524,524
525,525
526,526
527,527
528,528
529,529
530,530
531,531
532,532
533,533
534,534
535,535
536,536
537,537
538,538
539,539
540,540
541,541
542,542
543,543
544,544
545,545
546,546
547,547
548,548
549,549
550,550
551,551
552,552
553,553
554,554
555,555
556,556
557,557
558,558
559,559
560,560
561,561
562,562
563,563
564,564
565,565
566,566
567,567
568,568
569,569
570,570
571,571
572,572
573,573
574,574
575,575
576,576
577,577
578,578
579,579
580,580
581,581
582,582
583,583
584,584
585,585
586,586
587,587
588,588
589,589
590,590
591,591
592,592
593,593
594,594
595,595
596,596
597,597
598,598
599,599
600,600
601,601
602,602
603,603
604,604
605,605
606,606
607,607
608,608
609,609
610,610
611,611
612,612
613,613
614,614
615,615
616,616
617,617
618,618
619,619
620,620
621,621
622,622
623,623
624,624
625,625
626,626
627,627
628,628
629,629
630,630
631,631
632,632
633,633
634,634
635,635
636,636
637,637
638,638
639,639
640,640
641,641
642,642
643,643
644,644
645,645
646,646
647,647
648,648
649,649
650,650
651,651
652,652
653,653
654,654
655,655
656,656
657,657
658,658
659,659
660,660
661,661
662,662
663,663
664,664
665,665
666,666
667,667
668,668
669,669
670,670
671,671
672,672
673,673
674,674
675,675
676,676
677,677
678,678
679,679
680,680
681,681
682,682
683,683
684,684
685,685
686,686
687,687
688,688
689,689
690,690
691,691
692,692
693,693
694,694
695,695
696,696
697,697
698,698
699,699
700,700
701,701
702,702
703,703
704,704
705,705
706,706
707,707
708,708
709,709
710,710
711,711
712,712
713,713
714,714
715,715
716,716
717,717
718,718
719,719
720,720
721,721
722,722
723,723
724,724
725,725
726,726
727,727
728,728
729,729
730,730
731,731
732,732
733,733
734,734
735,735
736,736
737,737
738,738
739,739
740,740
741,741
742,742
743,743
744,744
745,745
746,746
747,747
748,748
749,749
750,750
751,751
752,752
753,753
754,754
755,755
756,756
757,757
758,758
759,759
760,760
761,761
762,762
763,763
764,764
765,765
766,766
767,767
768,768
769,769
770,770
771,771
772,772
773,773
774,774
775,775
776,776
777,777
778,778
779,779
780,780
781,781
782,782
783,783
784,784
785,785
786,786
787,787
788,788
789,789
790,790
791,791
792,792
793,793
794,794
795,795
796,796
797,797
798,798
799,799
800,800
801,801
802,802
803,803
804,804
805,805
806,806
807,807
808,808
809,809
810,810
811,811
812,812
813,813
814,814
815,815
816,816
817,817
818,818
819,819
820,820
821,821
822,822
823,823
824,824
825,825
826,826
827,827
828,828
829,829
830,830
831,831
832,832
833,833
834,834
835,835
836,836
837,837
838,838
839,839
840,840
841,841
842,842
843,843
844,844
845,845
846,846
847,847
848,848
849,849
850,850
851,851
852,852
853,853
854,854
855,855
856,856
857,857
858,858
859,859
860,860
861,861
862,862
863,863
864,864
865,865
866,866
867,867
868,868
869,869
870,870
871,871
872,872
873,873
874,874
875,875
876,876
877,877
878,878
879,879
880,880
881,881
882,882
883,883
884,884
885,885
886,886
887,887
888,888
889,889
890,890
891,891
892,892
893,893
894,894
895,895
896,896
897,897
898,898
899,899
900,900
901,901
902,902
903,903
904,904
905,905
906,906
907,907
908,908
909,909
910,910
911,911
912,912
913,913
914,914
915,915
916,916
917,917
918,918
919,919
920,920
921,921
922,922
923,923
924,924
925,925
926,926
927,927
928,928
929,929
930,930
931,931
932,932
933,933
934,934
935,935
936,936
937,937
938,938
939,939
940,940
941,941
942,942
943,943
944,944
945,945
946,946
947,947
948,948
949,949
950,950
951,951
952,952
953,953
954,954
955,955
956,956
957,957
958,958
959,959
960,960
961,961
962,962
963,963
964,964
965,965
966,966
967,967
968,968
969,969
970,970
971,971
972,972
973,973
974,974
975,975
976,976
977,977
978,978
979,979
980,980
981,981
982,982
983,983
984,984
985,985
986,986
987,987
988,988
989,989
990,990
991,991
992,992
993,993
994,994
995,995
996,996
997,997
998,998
999,999
1000,1000
1001,1001
1002,1002
1003,1003
1004,1004
1005,1005
1006,1006
1007,1007
1008,1008
1009,1009
1010,1010
1011,1011
1012,1012
1013,1013
1014,1014
1015,1015
1016,1016
1017,1017
1018,1018
1019,1019
1020,1020
1021,1021
1022,1022
1023,1023
1024,1024
1025,1025
1026,1026
1027,1027
1028,1028
1029,1029
1030,1030
1031,1031
1032,1032
1033,1033
1034,1034
1035,1035
1036,1036
1037,1037
1038,1038
1039,1039
1040,1040
1041,1041
1042,1042
1043,1043
1044,1044
1045,1045
1046,1046
1047,1047
1048,1048
1049,1049
1050,1050
1051,1051
1052,1052
1053,1053
1054,1054
1055,1055
1056,1056
1057,1057
1058,1058
1059,1059
1060,1060
1061,1061
1062,1062
1063,1063
1064,1064
1065,1065
1066,1066
1067,1067
1068,1068
1069,1069
1070,1070
1071,1071
1072,1072
1073,1073
1074,1074
1075,1075
1076,1076
1077,1077
1078,1078
1079,1079
1080,1080
1081,1081
1082,1082
1083,1083
1084,1084
1085,1085
1086,1086
1087,1087
1088,1088
1089,1089
1090,1090
1091,1091
1092,1092
1093,1093
1094,1094
1095,1095
1096,1096
1097,1097
1098,1098
1099,1099
1100,1100
1101,1101
1102,1102
1103,1103
1104,1104
1105,1105
1106,1106
1107,1107
1108,1108
1109,1109
1110,1110
1111,1111
1112,1112
1113,1113
1114,1114
1115,1115
1116,1116
1117,1117
1118,1118
1119,1119
1120,1120
1121,1121
1122,1122
1123,1123
1124,1124
1125,1125
1126,1126
1127,1127
1128,1128
1129,1129
1130,1130
1131,1131
1132,1132
1133,1133
1134,1134
1135,1135
1136,1136
1137,1137
1138,1138
1139,1139
1140,1140
1141,1141
1142,1142
1143,1143
1144,1144
1145,1145
1146,1146
1147,1147
1148,1148
1149,1149
1150,1150
1151,1151
1152,1152
1153,1153
1154,1154
1155,1155
1156,1156
1157,1157
1158,1158
1159,1159
1160,1160
1161,1161
1162,1162
1163,1163
1164,1164
1165,1165
1166,1166
1167,1167
1168,1168
1169,1169
1170,1170
1171,1171
1172,1172
1173,1173
1174,1174
1175,1175
1176,1176
1177,1177
1178,1178
1179,1179
1180,1180
1181,1181
1182,1182
1183,1183
1184,1184
1185,1185
1186,1186
1187,1187
1188,1188
1189,1189
1190,1190
1191,1191
1192,1192
1193,1193
1194,1194
1195,1195
1196,1196
1197,1197
1198,1198
1199,1199
1200,1200
1201,1201
1202,1202
1203,1203
1204,1204
1205,1205
1206,1206
1207,1207
1208,1208
1209,1209
1210,1210
1211,1211
1212,1212
1213,1213
1214,1214
1215,1215
1216,1216
1217,1217
1218,1218
1219,1219
1220,1220
1221,1221
1222,1222
1223,1223
1224,1224
1225,1225
1226,1226
1227,1227
1228,1228
1229,1229
1230,1230
1231,1231
1232,1232
1233,1233
1234,1234
1235,1235
1236,1236
1237,1237
1238,1238
1239,1239
1240,1240
1241,1241
1242,1242
1243,1243
1244,1244
1245,1245
1246,1246
1247,1247
1248,1248
1249,1249
1250,1250
1251,1251
1252,1252
1253,1253
1254,1254
1255,1255
1256,1256
1257,1257
1258,1258
1259,1259
1260,1260
1261,1261
1262,1262
1263,1263
1264,1264
1265,1265
1266,1266
1267,1267
1268,1268
1269,1269
1270,1270
1271,1271
1272,1272
1273,1273
1274,1274
1275,1275
1276,1276
1277,1277
1278,1278
1279,1279
1280,1280
1281,1281
1282,1282
1283,1283
1284,1284
1285,1285
1286,1286
1287,1287
1288,1288
1289,1289
1290,1290
1291,1291
1292,1292
1293,1293
1294,1294
1295,1295
1296,1296
1297,1297
1298,1298
1299,1299
1300,1300
1301,1301
1302,1302
1303,1303
1304,1304
1305,1305
1306,1306
1307,1307
1308,1308
1309,1309
1310,1310
1311,1311
1312,1312
1313,1313
1314,1314
1315,1315
1316,1316
1317,1317
1318,1318
1319,1319
1320,1320
1321,1321
1322,1322
1323,1323
1324,1324
1325,1325
1326,1326
1327,1327
1328,1328
1329,1329
1330,1330
1331,1331
1332,1332
1333,1333
1334,1334
1335,1335
1336,1336
1337,1337
1338,1338
1339,1339
1340,1340
1341,1341
1342,1342
1343,1343
1344,1344
1345,1345
1346,1346
1347,1347
1348,1348
1349,1349
1350,1350
1351,1351
1352,1352
1353,1353
1354,1354
1355,1355
1356,1356
1357,1357
1358,1358
1359,1359
1360,1360
1361,1361
1362,1362
1363,1363
1364,1364
1365,1365
1366,1366
1367,1367
1368,1368
1369,1369
1370,1370
1371,1371
1372,1372
1373,1373
1374,1374
1375,1375
1376,1376
1377,1377
1378,1378
1379,1379
1380,1380
1381,1381
1382,1382
1383,1383
1384,1384
1385,1385
1386,1386
1387,1387
1388,1388
1389,1389
1390,1390
1391,1391
1392,1392
1393,1393
1394,1394
1395,1395
1396,1396
1397,1397
1398,1398
1399,1399
1400,1400
1401,1401
1402,1402
1403,1403
1404,1404
1405,1405
1406,1406
1407,1407
1408,1408
1409,1409
1410,1410
1411,1411
1412,1412
1413,1413
1414,1414
1415,1415
1416,1416
1417,1417
1418,1418
1419,1419
1420,1420
1421,1421
1422,1422
1423,1423
1424,1424
1425,1425
1426,1426
1427,1427
1428,1428
1429,1429
1430,1430
1431,1431
1432,1432
1433,1433
1434,1434
1435,1435
1436,1436
1437,1437
1438,1438
1439,1439
1440,1440
1441,1441
1442,1442
1443,1443
1444,1444
1445,1445
1446,1446
1447,1447
1448,1448
1449,1449
1450,1450
1451,1451
1452,1452
1453,1453
1454,1454
1455,1455
1456,1456
1457,1457
1458,1458
1459,1459
1460,1460
1461,1461
1462,1462
1463,1463
1464,1464
1465,1465
1466,1466
1467,1467
1468,1468
1469,1469
1470,1470
1471,1471
1472,1472
1473,1473
1474,1474
1475,1475
1476,1476
1477,1477
1478,1478
1479,1479
1480,1480
1481,1481
1482,1482
1483,1483
1484,1484
1485,1485
1486,1486
1487,1487
1488,1488
1489,1489
1490,1490
1491,1491
1492,1492
1493,1493
1494,1494
1495,1495
1496,1496
1497,1497
1498,1498
1499,1499
1500,1500
1501,1501
1502,1502
1503,1503
1504,1504
1505,1505
1506,1506
1507,1507
1508,1508
1509,1509
1510,1510
1511,1511
1512,1512
1513,1513
1514,1514
1515,1515
1516,1516
1517,1517
1518,1518
1519,1519
1520,1520
1521,1521
1522,1522
1523,1523
1524,1524
1525,1525
1526,1526
1527,1527
1528,1528
1529,1529
1530,1530
1531,1531
1532,1532
1533,1533
1534,1534
1535,1535
1536,1536
1537,1537
1538,1538
1539,1539
1540,1540
1541,1541
1542,1542
1543,1543
1544,1544
1545,1545
1546,1546
1547,1547
1548,1548
1549,1549
1550,1550
1551,1551
1552,1552
1553,1553
1554,1554
1555,1555
1556,1556
1557,1557
1558,1558
1559,1559
1560,1560
1561,1561
1562,1562
1563,1563
1564,1564
1565,1565
1566,1566
1567,1567
1568,1568
1569,1569
1570,1570
1571,1571
1572,1572
1573,1573
1574,1574
1575,1575
1576,1576
1577,1577
1578,1578
1579,1579
1580,1580
1581,1581
1582,1582
1583,1583
1584,1584
1585,1585
1586,1586
1587,1587
1588,1588
1589,1589
1590,1590
1591,1591
1592,1592
1593,1593
1594,1594
1595,1595
1596,1596
1597,1597
1598,1598
1599,1599
1600,1600
1601,1601
1602,1602
1603,1603
1604,1604
1605,1605
1606,1606
1607,1607
1608,1608
1609,1609
1610,1610
1611,1611
1612,1612
1613,1613
1614,1614
1615,1615
1616,1616
1617,1617
1618,1618
1619,1619
1620,1620
1621,1621
1622,1622
1623,1623
1624,1624
1625,1625
1626,1626
1627,1627
1628,1628
1629,1629
1630,1630
1631,1631
1632,1632
1633,1633
1634,1634
1635,1635
1636,1636
1637,1637
1638,1638
1639,1639
1640,1640
1641,1641
1642,1642
1643,1643
1644,1644
1645,1645
1646,1646
1647,1647
1648,1648
1649,1649
1650,1650
1651,1651
1652,1652
1653,1653
1654,1654
1655,1655
1656,1656
1657,1657
1658,1658
1659,1659
1660,1660
1661,1661
1662,1662
1663,1663
1664,1664
1665,1665
1666,1666
1667,1667
1668,1668
1669,1669
1670,1670
1671,1671
1672,1672
1673,1673
1674,1674
1675,1675
1676,1676
1677,1677
1678,1678
1679,1679
1680,1680
1681,1681
1682,1682
1683,1683
1684,1684
1685,1685
1686,1686
1687,1687
1688,1688
1689,1689
1690,1690
1691,1691
1692,1692
1693,1693
1694,1694
1695,1695
1696,1696
1697,1697
1698,1698
1699,1699
1700,1700
1701,1701
1702,1702
1703,1703
1704,1704
1705,1705
1706,1706
1707,1707
1708,1708
1709,1709
1710,1710
1711,1711
1712,1712
1713,1713
1714,1714
1715,1715
1716,1716
1717,1717
1718,1718
1719,1719
1720,1720
1721,1721
1722,1722
1723,1723
1724,1724
1725,1725
1726,1726
1727,1727
1728,1728
1729,1729
1730,1730
1731,1731
1732,1732
1733,1733
1734,1734
1735,1735
1736,1736
1737,1737
1738,1738
1739,1739
1740,1740
1741,1741
1742,1742
1743,1743
1744,1744
1745,1745
1746,1746
1747,1747
1748,1748
1749,1749
1750,1750
1751,1751
1752,1752
1753,1753
1754,1754
1755,1755
1756,1756
1757,1757
1758,1758
1759,1759
1760,1760
1761,1761
1762,1762
1763,1763
1764,1764
1765,1765
1766,1766
1767,1767
1768,1768
1769,1769
1770,1770
1771,1771
1772,1772
1773,1773
1774,1774
1775,1775
1776,1776
1777,1777
1778,1778
1779,1779
1780,1780
1781,1781
1782,1782
1783,1783
1784,1784
1785,1785
1786,1786
1787,1787
1788,1788
1789,1789
1790,1790
1791,1791
1792,1792
1793,1793
1794,1794
1795,1795
1796,1796
1797,1797
1798,1798
1799,1799
1800,1800
1801,1801
1802,1802
1803,1803
1804,1804
1805,1805
1806,1806
1807,1807
1808,1808
1809,1809
1810,1810
1811,1811
1812,1812
1813,1813
1814,1814
1815,1815
1816,1816
1817,1817
1818,1818
1819,1819
1820,1820
1821,1821
1822,1822
1823,1823
1824,1824
1825,1825
1826,1826
1827,1827
1828,1828
1829,1829
1830,1830
1831,1831
1832,1832
1833,1833
1834,1834
1835,1835
1836,1836
1837,1837
1838,1838
1839,1839
1840,1840
1841,1841
1842,1842
1843,1843
1844,1844
1845,1845
1846,1846
1847,1847
1848,1848
1849,1849
1850,1850
1851,1851
1852,1852
1853,1853
1854,1854
1855,1855
1856,1856
1857,1857
1858,1858
1859,1859
1860,1860
1861,1861
1862,1862
1863,1863
1864,1864
1865,1865
1866,1866
1867,1867
1868,1868
1869,1869
1870,1870
1871,1871
1872,1872
1873,1873
1874,1874
1875,1875
1876,1876
1877,1877
1878,1878
1879,1879
1880,1880
1881,1881
1882,1882
1883,1883
1884,1884
1885,1885
1886,1886
1887,1887
1888,1888
1889,1889
1890,1890
1891,1891
1892,1892
1893,1893
1894,1894
1895,1895
1896,1896
1897,1897
1898,1898
1899,1899
1900,1900
1901,1901
1902,1902
1903,1903
1904,1904
1905,1905
1906,1906
1907,1907
1908,1908
1909,1909
1910,1910
1911,1911
1912,1912
1913,1913
1914,1914
1915,1915
1916,1916
1917,1917
1918,1918
1919,1919
1920,1920
1921,1921
1922,1922
1923,1923
1924,1924
1925,1925
1926,1926
1927,1927
1928,1928
1929,1929
1930,1930
1931,1931
1932,1932
1933,1933
1934,1934
1935,1935
1936,1936
1937,1937
1938,1938
1939,1939
1940,1940
1941,1941
1942,1942
1943,1943
1944,1944
1945,1945
1946,1946
1947,1947
1948,1948
1949,1949
1950,1950
1951,1951
1952,1952
1953,1953
1954,1954
1955,1955
1956,1956
1957,1957
1958,1958
1959,1959
1960,1960
1961,1961
1962,1962
1963,1963
1964,1964
1965,1965
1966,1966
1967,1967
1968,1968
1969,1969
1970,1970
1971,1971
1972,1972
1973,1973
1974,1974
1975,1975
1976,1976
1977,1977
1978,1978
1979,1979
1980,1980
1981,1981
1982,1982
1983,1983
1984,1984
1985,1985
1986,1986
1987,1987
1988,1988
1989,1989
1990,1990
1991,1991
1992,1992
1993,1993
1994,1994
1995,1995
1996,1996
1997,1997
1998,1998
1999,1999
2000,2000
2001,2001
2002,2002
2003,2003
2004,2004
2005,2005
2006,2006
2007,2007
2008,2008
2009,2009
2010,2010
2011,2011
2012,2012
2013,2013
2014,2014
2015,2015
2016,2016
2017,2017
2018,2018
2019,2019
2020,2020
2021,2021
2022,2022
2023,2023
2024,2024
2025,2025
2026,2026
2027,2027
2028,2028
2029,2029
2030,2030
2031,2031
2032,2032
2033,2033
2034,2034
2035,2035
2036,2036
2037,2037
2038,2038
2039,2039
2040,2040
2041,2041
2042,2042
2043,2043
2044,2044
2045,2045
2046,2046
2047,2047
2048,2048
2049,2049
2050,2050
2051,2051
2052,2052
2053,2053
2054,2054
2055,2055
2056,2056
2057,2057
2058,2058
2059,2059
2060,2060
2061,2061
2062,2062
2063,2063
2064,2064
2065,2065
2066,2066
2067,2067
2068,2068
2069,2069
2070,2070
2071,2071
2072,2072
2073,2073
2074,2074
2075,2075
2076,2076
2077,2077
2078,2078
2079,2079
2080,2080
2081,2081
2082,2082
2083,2083
2084,2084
2085,2085
2086,2086
2087,2087
2088,2088
2089,2089
2090,2090
2091,2091
2092,2092
2093,2093
2094,2094
2095,2095
2096,2096
2097,2097
2098,2098
2099,2099
2100,2100
2101,2101
2102,2102
2103,2103
2104,2104
2105,2105
2106,2106
2107,2107
2108,2108
2109,2109
2110,2110
2111,2111
2112,2112
2113,2113
2114,2114
2115,2115
2116,2116
2117,2117
2118,2118
2119,2119
2120,2120
2121,2121
2122,2122
2123,2123
2124,2124
2125,2125
2126,2126
2127,2127
2128,2128
2129,2129
2130,2130
2131,2131
2132,2132
2133,2133
2134,2134
2135,2135
2136,2136
2137,2137
2138,2138
2139,2139
2140,2140
2141,2141
2142,2142
2143,2143
2144,2144
2145,2145
2146,2146
2147,2147
2148,2148
2149,2149
2150,2150
2151,2151
2152,2152
2153,2153
2154,2154
2155,2155
2156,2156
2157,2157
2158,2158
2159,2159
2160,2160
2161,2161
2162,2162
2163,2163
2164,2164
2165,2165
2166,2166
2167,2167
2168,2168
2169,2169
2170,2170
2171,2171
2172,2172
2173,2173
2174,2174
2175,2175
2176,2176
2177,2177
2178,2178
2179,2179
2180,2180
2181,2181
2182,2182
2183,2183
2184,2184
2185,2185
2186,2186
2187,2187
2188,2188
2189,2189
2190,2190
2191,2191
2192,2192
2193,2193
2194,2194
2195,2195
2196,2196
2197,2197
2198,2198
2199,2199
2200,2200
2201,2201
2202,2202
2203,2203
2204,2204
2205,2205
2206,2206
2207,2207
2208,2208
2209,2209
2210,2210
2211,2211
2212,2212
2213,2213
2214,2214
2215,2215
2216,2216
2217,2217
2218,2218
2219,2219
2220,2220
2221,2221
2222,2222
2223,2223
2224,2224
2225,2225
2226,2226
2227,2227
2228,2228
2229,2229
2230,2230
2231,2231
2232,2232
2233,2233
2234,2234
2235,2235
2236,2236
2237,2237
2238,2238
2239,2239
2240,2240
2241,2241
2242,2242
2243,2243
2244,2244
2245,2245
2246,2246
2247,2247
2248,2248
2249,2249
2250,2250
2251,2251
2252,2252
2253,2253
2254,2254
2255,2255
2256,2256
2257,2257
2258,2258
2259,2259
2260,2260
2261,2261
2262,2262
2263,2263
2264,2264
2265,2265
2266,2266
2267,2267
2268,2268
2269,2269
2270,2270
2271,2271
2272,2272
2273,2273
2274,2274
2275,2275
2276,2276
2277,2277
2278,2278
2279,2279
2280,2280
2281,2281
2282,2282
2283,2283
2284,2284
2285,2285
2286,2286
2287,2287
2288,2288
2289,2289
2290,2290
2291,2291
2292,2292
2293,2293
2294,2294
2295,2295
2296,2296
2297,2297
2298,2298
2299,2299
2300,2300
2301,2301
2302,2302
2303,2303
2304,2304
2305,2305
2306,2306
2307,2307
2308,2308
2309,2309
2310,2310
2311,2311
2312,2312
2313,2313
2314,2314
2315,2315
2316,2316
2317,2317
2318,2318
2319,2319
2320,2320
2321,2321
2322,2322
2323,2323
2324,2324
2325,2325
2326,2326
2327,2327
2328,2328
2329,2329
2330,2330
2331,2331
2332,2332
2333,2333
2334,2334
2335,2335
2336,2336
2337,2337
2338,2338
2339,2339
2340,2340
2341,2341
2342,2342
2343,2343
2344,2344
2345,2345
2346,2346
2347,2347
2348,2348
2349,2349
2350,2350
2351,2351
2352,2352
2353,2353
2354,2354
2355,2355
2356,2356
2357,2357
2358,2358
2359,2359
2360,2360
2361,2361
2362,2362
2363,2363
2364,2364
2365,2365
2366,2366
2367,2367
2368,2368
2369,2369
2370,2370
2371,2371
2372,2372
2373,2373
2374,2374
2375,2375
2376,2376
2377,2377
2378,2378
2379,2379
2380,2380
2381,2381
2382,2382
2383,2383
2384,2384
2385,2385
2386,2386
2387,2387
2388,2388
2389,2389
2390,2390
2391,2391
2392,2392
2393,2393
2394,2394
2395,2395
2396,2396
2397,2397
2398,2398
2399,2399
2400,2400
2401,2401
2402,2402
2403,2403
2404,2404
2405,2405
2406,2406
2407,2407
2408,2408
2409,2409
2410,2410
2411,2411
2412,2412
2413,2413
2414,2414
2415,2415
2416,2416
2417,2417
2418,2418
2419,2419
2420,2420
2421,2421
2422,2422
2423,2423
2424,2424
2425,2425
2426,2426
2427,2427
2428,2428
2429,2429
2430,2430
2431,2431
2432,2432
2433,2433
2434,2434
2435,2435
2436,2436
2437,2437
2438,2438
2439,2439
2440,2440
2441,2441
2442,2442
2443,2443
2444,2444
2445,2445
2446,2446
2447,2447
2448,2448
2449,2449
2450,2450
2451,2451
2452,2452
2453,2453
2454,2454
2455,2455
2456,2456
2457,2457
2458,2458
2459,2459
2460,2460
2461,2461
2462,2462
2463,2463
2464,2464
2465,2465
2466,2466
2467,2467
2468,2468
2469,2469
2470,2470
2471,2471
2472,2472
2473,2473
2474,2474
2475,2475
2476,2476
2477,2477
2478,2478
2479,2479
2480,2480
2481,2481
2482,2482
2483,2483
2484,2484
2485,2485
2486,2486
2487,2487
2488,2488
2489,2489
2490,2490
2491,2491
2492,2492
2493,2493
2494,2494
2495,2495
2496,2496
2497,2497
2498,2498
2499,2499
2500,2500
2501,2501
2502,2502
2503,2503
2504,2504
2505,2505
2506,2506
2507,2507
2508,2508
2509,2509
2510,2510
2511,2511
2512,2512
2513,2513
2514,2514
2515,2515
2516,2516
2517,2517
2518,2518
2519,2519
2520,2520
2521,2521
2522,2522
2523,2523
2524,2524
2525,2525
2526,2526
2527,2527
2528,2528
2529,2529
2530,2530
2531,2531
2532,2532
2533,2533
2534,2534
2535,2535
2536,2536
2537,2537
2538,2538
2539,2539
2540,2540
2541,2541
2542,2542
2543,2543
2544,2544
2545,2545
2546,2546
2547,2547
2548,2548
2549,2549
2550,2550
2551,2551
2552,2552
2553,2553
2554,2554
2555,2555
2556,2556
2557,2557
2558,2558
2559,2559
2560,2560
2561,2561
2562,2562
2563,2563
2564,2564
2565,2565
2566,2566
2567,2567
2568,2568
2569,2569
2570,2570
2571,2571
2572,2572
2573,2573
2574,2574
2575,2575
2576,2576
2577,2577
2578,2578
2579,2579
2580,2580
2581,2581
2582,2582
2583,2583
2584,2584
2585,2585
2586,2586
2587,2587
2588,2588
2589,2589
2590,2590
2591,2591
2592,2592
2593,2593
2594,2594
2595,2595
2596,2596
2597,2597
2598,2598
2599,2599
2600,2600
2601,2601
2602,2602
2603,2603
2604,2604
2605,2605
2606,2606
2607,2607
2608,2608
2609,2609
2610,2610
2611,2611
2612,2612
2613,2613
2614,2614
2615,2615
2616,2616
2617,2617
2618,2618
2619,2619
2620,2620
2621,2621
2622,2622
2623,2623
2624,2624
2625,2625
2626,2626
2627,2627
2628,2628
2629,2629
2630,2630
2631,2631
2632,2632
2633,2633
2634,2634
2635,2635
2636,2636
2637,2637
2638,2638
2639,2639
2640,2640
2641,2641
2642,2642
2643,2643
2644,2644
2645,2645
2646,2646
2647,2647
2648,2648
2649,2649
2650,2650
2651,2651
2652,2652
2653,2653
2654,2654
2655,2655
2656,2656
2657,2657
2658,2658
2659,2659
2660,2660
2661,2661
2662,2662
2663,2663
2664,2664
2665,2665
2666,2666
2667,2667
2668,2668
2669,2669
2670,2670
2671,2671
2672,2672
2673,2673
2674,2674
2675,2675
2676,2676
2677,2677
2678,2678
2679,2679
2680,2680
2681,2681
2682,2682
2683,2683
2684,2684
2685,2685
2686,2686
2687,2687
2688,2688
2689,2689
2690,2690
2691,2691
2692,2692
2693,2693
2694,2694
2695,2695
2696,2696
2697,2697
2698,2698
2699,2699
2700,2700
2701,2701
2702,2702
2703,2703
2704,2704
2705,2705
2706,2706
2707,2707
2708,2708
2709,2709
2710,2710
2711,2711
2712,2712
2713,2713
2714,2714
2715,2715
2716,2716
2717,2717
2718,2718
2719,2719
2720,2720
2721,2721
2722,2722
2723,2723
2724,2724
2725,2725
2726,2726
2727,2727
2728,2728
2729,2729
2730,2730
2731,2731
2732,2732
2733,2733
2734,2734
2735,2735
2736,2736
2737,2737
2738,2738
2739,2739
2740,2740
2741,2741
2742,2742
2743,2743
2744,2744
2745,2745
2746,2746
2747,2747
2748,2748
2749,2749
2750,2750
2751,2751
2752,2752
2753,2753
2754,2754
2755,2755
2756,2756
2757,2757
2758,2758
2759,2759
2760,2760
2761,2761
2762,2762
2763,2763
2764,2764
2765,2765
2766,2766
2767,2767
2768,2768
2769,2769
2770,2770
2771,2771
2772,2772
2773,2773
2774,2774
2775,2775
2776,2776
2777,2777
2778,2778
2779,2779
2780,2780
2781,2781
2782,2782
2783,2783
2784,2784
2785,2785
2786,2786
2787,2787
2788,2788
2789,2789
2790,2790
2791,2791
2792,2792
2793,2793
2794,2794
2795,2795
2796,2796
2797,2797
2798,2798
2799,2799
2800,2800
2801,2801
2802,2802
2803,2803
2804,2804
2805,2805
2806,2806
2807,2807
2808,2808
2809,2809
2810,2810
2811,2811
2812,2812
2813,2813
2814,2814
2815,2815
2816,2816
2817,2817
2818,2818
2819,2819
2820,2820
2821,2821
2822,2822
2823,2823
2824,2824
2825,2825
2826,2826
2827,2827
2828,2828
2829,2829
2830,2830
2831,2831
2832,2832
2833,2833
2834,2834
2835,2835
2836,2836
2837,2837
2838,2838
2839,2839
2840,2840
2841,2841
2842,2842
2843,2843
2844,2844
2845,2845
2846,2846
2847,2847
2848,2848
2849,2849
2850,2850
2851,2851
2852,2852
2853,2853
2854,2854
2855,2855
2856,2856
2857,2857
2858,2858
2859,2859
2860,2860
2861,2861
2862,2862
2863,2863
2864,2864
2865,2865
2866,2866
2867,2867
2868,2868
2869,2869
2870,2870
2871,2871
2872,2872
2873,2873
2874,2874
2875,2875
2876,2876
2877,2877
2878,2878
2879,2879
2880,2880
2881,2881
2882,2882
2883,2883
2884,2884
2885,2885
2886,2886
2887,2887
2888,2888
2889,2889
2890,2890
2891,2891
2892,2892
2893,2893
2894,2894
2895,2895
2896,2896
2897,2897
2898,2898
2899,2899
2900,2900
2901,2901
2902,2902
2903,2903
2904,2904
2905,2905
2906,2906
2907,2907
2908,2908
2909,2909
2910,2910
2911,2911
2912,2912
2913,2913
2914,2914
2915,2915
2916,2916
2917,2917
2918,2918
2919,2919
2920,2920
2921,2921
2922,2922
2923,2923
2924,2924
2925,2925
2926,2926
2927,2927
2928,2928
2929,2929
2930,2930
2931,2931
2932,2932
2933,2933
2934,2934
2935,2935
2936,2936
2937,2937
2938,2938
2939,2939
2940,2940
2941,2941
2942,2942
2943,2943
2944,2944
2945,2945
2946,2946
2947,2947
2948,2948
2949,2949
2950,2950
2951,2951
2952,2952
2953,2953
2954,2954
2955,2955
2956,2956
2957,2957
2958,2958
2959,2959
2960,2960
2961,2961
2962,2962
2963,2963
2964,2964
2965,2965
2966,2966
2967,2967
2968,2968
2969,2969
2970,2970
2971,2971
2972,2972
2973,2973
2974,2974
2975,2975
2976,2976
2977,2977
2978,2978
2979,2979
2980,2980
2981,2981
2982,2982
2983,2983
2984,2984
2985,2985
2986,2986
2987,2987
2988,2988
2989,2989
2990,2990
2991,2991
2992,2992
2993,2993
2994,2994
2995,2995
2996,2996
2997,2997
2998,2998
2999,2999
3000,3000
3001,3001
3002,3002
3003,3003
3004,3004
3005,3005
3006,3006
3007,3007
3008,3008
3009,3009
3010,3010
3011,3011
3012,3012
3013,3013
3014,3014
3015,3015
3016,3016
3017,3017
3018,3018
3019,3019
3020,3020
3021,3021
3022,3022
3023,3023
3024,3024
3025,3025
3026,3026
3027,3027
3028,3028
3029,3029
3030,3030
3031,3031
3032,3032
3033,3033
3034,3034
3035,3035
3036,3036
3037,3037
3038,3038
3039,3039
3040,3040
3041,3041
3042,3042
3043,3043
3044,3044
3045,3045
3046,3046
3047,3047
3048,3048
3049,3049
3050,3050
3051,3051
3052,3052
3053,3053
3054,3054
3055,3055
3056,3056
3057,3057
3058,3058
3059,3059
3060,3060
3061,3061
3062,3062
3063,3063
3064,3064
3065,3065
3066,3066
3067,3067
3068,3068
3069,3069
3070,3070
3071,3071
3072,3072
3073,3073
3074,3074
3075,3075
3076,3076
3077,3077
3078,3078
3079,3079
3080,3080
3081,3081
3082,3082
3083,3083
3084,3084
3085,3085
3086,3086
3087,3087
3088,3088
3089,3089
3090,3090
3091,3091
3092,3092
3093,3093
3094,3094
3095,3095
3096,3096
3097,3097
3098,3098
3099,3099
3100,3100
3101,3101
3102,3102
3103,3103
3104,3104
3105,3105
3106,3106
3107,3107
3108,3108
3109,3109
3110,3110
3111,3111
3112,3112
3113,3113
3114,3114
3115,3115
3116,3116
3117,3117
3118,3118
3119,3119
3120,3120
3121,3121
3122,3122
3123,3123
3124,3124
3125,3125
3126,3126
3127,3127
3128,3128
3129,3129
3130,3130
3131,3131
3132,3132
3133,3133
3134,3134
3135,3135
3136,3136
3137,3137
3138,3138
3139,3139
3140,3140
3141,3141
3142,3142
3143,3143
3144,3144
3145,3145
3146,3146
3147,3147
3148,3148
3149,3149
3150,3150
3151,3151
3152,3152
3153,3153
3154,3154
3155,3155
3156,3156
3157,3157
3158,3158
3159,3159
3160,3160
3161,3161
3162,3162
3163,3163
3164,3164
3165,3165
3166,3166
3167,3167
3168,3168
3169,3169
3170,3170
3171,3171
3172,3172
3173,3173
3174,3174
3175,3175
3176,3176
3177,3177
3178,3178
3179,3179
3180,3180
3181,3181
3182,3182
3183,3183
3184,3184
3185,3185
3186,3186
3187,3187
3188,3188
3189,3189
3190,3190
3191,3191
3192,3192
3193,3193
3194,3194
3195,3195
3196,3196
3197,3197
3198,3198
3199,3199
3200,3200
3201,3201
3202,3202
3203,3203
3204,3204
3205,3205
3206,3206
3207,3207
3208,3208
3209,3209
3210,3210
3211,3211
3212,3212
3213,3213
3214,3214
3215,3215
3216,3216
3217,3217
3218,3218
3219,3219
3220,3220
3221,3221
3222,3222
3223,3223
3224,3224
3225,3225
3226,3226
3227,3227
3228,3228
3229,3229
3230,3230
3231,3231
3232,3232
3233,3233
3234,3234
3235,3235
3236,3236
3237,3237
3238,3238
3239,3239
3240,3240
3241,3241
3242,3242
3243,3243
3244,3244
3245,3245
3246,3246
3247,3247
3248,3248
3249,3249
3250,3250
3251,3251
3252,3252
3253,3253
3254,3254
3255,3255
3256,3256
3257,3257
3258,3258
3259,3259
3260,3260
3261,3261
3262,3262
3263,3263
3264,3264
3265,3265
3266,3266
3267,3267
3268,3268
3269,3269
3270,3270
3271,3271
3272,3272
3273,3273
3274,3274
3275,3275
3276,3276
3277,3277
3278,3278
3279,3279
3280,3280
3281,3281
3282,3282
3283,3283
3284,3284
3285,3285
3286,3286
3287,3287
3288,3288
3289,3289
3290,3290
3291,3291
3292,3292
3293,3293
3294,3294
3295,3295
3296,3296
3297,3297
3298,3298
3299,3299
3300,3300
3301,3301
3302,3302
3303,3303
3304,3304
3305,3305
3306,3306
3307,3307
3308,3308
3309,3309
3310,3310
3311,3311
3312,3312
3313,3313
3314,3314
3315,3315
3316,3316
3317,3317
3318,3318
3319,3319
3320,3320
3321,3321
3322,3322
3323,3323
3324,3324
3325,3325
3326,3326
3327,3327
3328,3328
3329,3329
3330,3330
3331,3331
3332,3332
3333,3333
3334,3334
3335,3335
3336,3336
3337,3337
3338,3338
3339,3339
3340,3340
3341,3341
3342,3342
3343,3343
3344,3344
3345,3345
3346,3346
3347,3347
3348,3348
3349,3349
3350,3350
3351,3351
3352,3352
3353,3353
3354,3354
3355,3355
3356,3356
3357,3357
3358,3358
3359,3359
3360,3360
3361,3361
3362,3362
3363,3363
3364,3364
3365,3365
3366,3366
3367,3367
3368,3368
3369,3369
3370,3370
3371,3371
3372,3372
3373,3373
3374,3374
3375,3375
3376,3376
3377,3377
3378,3378
3379,3379
3380,3380
3381,3381
3382,3382
3383,3383
3384,3384
3385,3385
3386,3386
3387,3387
3388,3388
3389,3389
3390,3390
3391,3391
3392,3392
3393,3393
3394,3394
3395,3395
3396,3396
3397,3397
3398,3398
3399,3399
3400,3400
3401,3401
3402,3402
3403,3403
3404,3404
3405,3405
3406,3406
3407,3407
3408,3408
3409,3409
3410,3410
3411,3411
3412,3412
3413,3413
3414,3414
3415,3415
3416,3416
3417,3417
3418,3418
3419,3419
3420,3420
3421,3421
3422,3422
3423,3423
3424,3424
3425,3425
3426,3426
3427,3427
3428,3428
3429,3429
3430,3430
3431,3431
3432,3432
3433,3433
3434,3434
3435,3435
3436,3436
3437,3437
3438,3438
3439,3439
3440,3440
3441,3441
3442,3442
3443,3443
3444,3444
3445,3445
3446,3446
3447,3447
3448,3448
3449,3449
3450,3450
3451,3451
3452,3452
3453,3453
3454,3454
3455,3455
3456,3456
3457,3457
3458,3458
3459,3459
3460,3460
3461,3461
3462,3462
3463,3463
3464,3464
3465,3465
3466,3466
3467,3467
3468,3468
3469,3469
3470,3470
3471,3471
3472,3472
3473,3473
3474,3474
3475,3475
3476,3476
3477,3477
3478,3478
3479,3479
3480,3480
3481,3481
3482,3482
3483,3483
3484,3484
3485,3485
3486,3486
3487,3487
3488,3488
3489,3489
3490,3490
3491,3491
3492,3492
3493,3493
3494,3494
3495,3495
3496,3496
3497,3497
3498,3498
3499,3499
3500,3500
3501,3501
3502,3502
3503,3503
3504,3504
3505,3505
3506,3506
3507,3507
3508,3508
3509,3509
3510,3510
3511,3511
3512,3512
3513,3513
3514,3514
3515,3515
3516,3516
3517,3517
3518,3518
3519,3519
3520,3520
3521,3521
3522,3522
3523,3523
3524,3524
3525,3525
3526,3526
3527,3527
3528,3528
3529,3529
3530,3530
3531,3531
3532,3532
3533,3533
3534,3534
3535,3535
3536,3536
3537,3537
3538,3538
3539,3539
3540,3540
3541,3541
3542,3542
3543,3543
3544,3544
3545,3545
3546,3546
3547,3547
3548,3548
3549,3549
3550,3550
3551,3551
3552,3552
3553,3553
3554,3554
3555,3555
3556,3556
3557,3557
3558,3558
3559,3559
3560,3560
3561,3561
3562,3562
3563,3563
3564,3564
3565,3565
3566,3566
3567,3567
3568,3568
3569,3569
3570,3570
3571,3571
3572,3572
3573,3573
3574,3574
3575,3575
3576,3576
3577,3577
3578,3578
3579,3579
3580,3580
3581,3581
3582,3582
3583,3583
3584,3584
3585,3585
3586,3586
3587,3587
3588,3588
3589,3589
3590,3590
3591,3591
3592,3592
3593,3593
3594,3594
3595,3595
3596,3596
3597,3597
3598,3598
3599,3599
3600,3600
3601,3601
3602,3602
3603,3603
3604,3604
3605,3605
3606,3606
3607,3607
3608,3608
3609,3609
3610,3610
3611,3611
3612,3612
3613,3613
3614,3614
3615,3615
3616,3616
3617,3617
3618,3618
3619,3619
3620,3620
3621,3621
3622,3622
3623,3623
3624,3624
3625,3625
3626,3626
3627,3627
3628,3628
3629,3629
3630,3630
3631,3631
3632,3632
3633,3633
3634,3634
3635,3635
3636,3636
3637,3637
3638,3638
3639,3639
3640,3640
3641,3641
3642,3642
3643,3643
3644,3644
3645,3645
3646,3646
3647,3647
3648,3648
3649,3649
3650,3650
3651,3651
3652,3652
3653,3653
3654,3654
3655,3655
3656,3656
3657,3657
3658,3658
3659,3659
3660,3660
3661,3661
3662,3662
3663,3663
3664,3664
3665,3665
3666,3666
3667,3667
3668,3668
3669,3669
3670,3670
3671,3671
3672,3672
3673,3673
3674,3674
3675,3675
3676,3676
3677,3677
3678,3678
3679,3679
3680,3680
3681,3681
3682,3682
3683,3683
3684,3684
3685,3685
3686,3686
3687,3687
3688,3688
3689,3689
3690,3690
3691,3691
3692,3692
3693,3693
3694,3694
3695,3695
3696,3696
3697,3697
3698,3698
3699,3699
3700,3700
3701,3701
3702,3702
3703,3703
3704,3704
3705,3705
3706,3706
3707,3707
3708,3708
3709,3709
3710,3710
3711,3711
3712,3712
3713,3713
3714,3714
3715,3715
3716,3716
3717,3717
3718,3718
3719,3719
3720,3720
3721,3721
3722,3722
3723,3723
3724,3724
3725,3725
3726,3726
3727,3727
3728,3728
3729,3729
3730,3730
3731,3731
3732,3732
3733,3733
3734,3734
3735,3735
3736,3736
3737,3737
3738,3738
3739,3739
3740,3740
3741,3741
3742,3742
3743,3743
3744,3744
3745,3745
3746,3746
3747,3747
3748,3748
3749,3749
3750,3750
3751,3751
3752,3752
3753,3753
3754,3754
3755,3755
3756,3756
3757,3757
3758,3758
3759,3759
3760,3760
3761,3761
3762,3762
3763,3763
3764,3764
3765,3765
3766,3766
3767,3767
3768,3768
3769,3769
3770,3770
3771,3771
3772,3772
3773,3773
3774,3774
3775,3775
3776,3776
3777,3777
3778,3778
3779,3779
3780,3780
3781,3781
3782,3782
3783,3783
3784,3784
3785,3785
3786,3786
3787,3787
3788,3788
3789,3789
3790,3790
3791,3791
3792,3792
3793,3793
3794,3794
3795,3795
3796,3796
3797,3797
3798,3798
3799,3799
3800,3800
3801,3801
3802,3802
3803,3803
3804,3804
3805,3805
3806,3806
3807,3807
3808,3808
3809,3809
3810,3810
3811,3811
3812,3812
3813,3813
3814,3814
3815,3815
3816,3816
3817,3817
3818,3818
3819,3819
3820,3820
3821,3821
3822,3822
3823,3823
3824,3824
3825,3825
3826,3826
3827,3827
3828,3828
3829,3829
3830,3830
3831,3831
3832,3832
3833,3833
3834,3834
3835,3835
3836,3836
3837,3837
3838,3838
3839,3839
3840,3840
3841,3841
3842,3842
3843,3843
3844,3844
3845,3845
3846,3846
3847,3847
3848,3848
3849,3849
3850,3850
3851,3851
3852,3852
3853,3853
3854,3854
3855,3855
3856,3856
3857,3857
3858,3858
3859,3859
3860,3860
3861,3861
3862,3862
3863,3863
3864,3864
3865,3865
3866,3866
3867,3867
3868,3868
3869,3869
3870,3870
3871,3871
3872,3872
3873,3873
3874,3874
3875,3875
3876,3876
3877,3877
3878,3878
3879,3879
3880,3880
3881,3881
3882,3882
3883,3883
3884,3884
3885,3885
3886,3886
3887,3887
3888,3888
3889,3889
3890,3890
3891,3891
3892,3892
3893,3893
3894,3894
3895,3895
3896,3896
3897,3897
3898,3898
3899,3899
3900,3900
3901,3901
3902,3902
3903,3903
3904,3904
3905,3905
3906,3906
3907,3907
3908,3908
3909,3909
3910,3910
3911,3911
3912,3912
3913,3913
3914,3914
3915,3915
3916,3916
3917,3917
3918,3918
3919,3919
3920,3920
3921,3921
3922,3922
3923,3923
3924,3924
3925,3925
3926,3926
3927,3927
3928,3928
3929,3929
3930,3930
3931,3931
3932,3932
3933,3933
3934,3934
3935,3935
3936,3936
3937,3937
3938,3938
3939,3939
3940,3940
3941,3941
3942,3942
3943,3943
3944,3944
3945,3945
3946,3946
3947,3947
3948,3948
3949,3949
3950,3950
3951,3951
3952,3952
3953,3953
3954,3954
3955,3955
3956,3956
3957,3957
3958,3958
3959,3959
3960,3960
3961,3961
3962,3962
3963,3963
3964,3964
3965,3965
3966,3966
3967,3967
3968,3968
3969,3969
3970,3970
3971,3971
3972,3972
3973,3973
3974,3974
3975,3975
3976,3976
3977,3977
3978,3978
3979,3979
3980,3980
3981,3981
3982,3982
3983,3983
3984,3984
3985,3985
3986,3986
3987,3987
3988,3988
3989,3989
3990,3990
3991,3991
3992,3992
3993,3993
3994,3994
3995,3995
3996,3996
3997,3997
3998,3998
3999,3999
4000,4000
4001,4001
4002,4002
4003,4003
4004,4004
4005,4005
4006,4006
4007,4007
4008,4008
4009,4009
4010,4010
4011,4011
4012,4012
4013,4013
4014,4014
4015,4015
4016,4016
4017,4017
4018,4018
4019,4019
4020,4020
4021,4021
4022,4022
4023,4023
4024,4024
4025,4025
4026,4026
4027,4027
4028,4028
4029,4029
4030,4030
4031,4031
4032,4032
4033,4033
4034,4034
4035,4035
4036,4036
4037,4037
4038,4038
4039,4039
4040,4040
4041,4041
4042,4042
4043,4043
4044,4044
4045,4045
4046,4046
4047,4047
4048,4048
4049,4049
4050,4050
4051,4051
4052,4052
4053,4053
4054,4054
4055,4055
4056,4056
4057,4057
4058,4058
4059,4059
4060,4060
4061,4061
4062,4062
4063,4063
4064,4064
4065,4065
4066,4066
4067,4067
4068,4068
4069,4069
4070,4070
4071,4071
4072,4072
4073,4073
4074,4074
4075,4075
4076,4076
4077,4077
4078,4078
4079,4079
4080,4080
4081,4081
4082,4082
4083,4083
4084,4084
4085,4085
4086,4086
4087,4087
4088,4088
4089,4089
4090,4090
4091,4091
4092,4092
4093,4093
4094,4094
4095,4095
4096,4096
4097,4097
4098,4098
4099,4099
4100,4100
4101,4101
4102,4102
4103,4103
4104,4104
4105,4105
4106,4106
4107,4107
4108,4108
4109,4109
4110,4110
4111,4111
4112,4112
4113,4113
4114,4114
4115,4115
4116,4116
4117,4117
4118,4118
4119,4119
4120,4120
4121,4121
4122,4122
4123,4123
4124,4124
4125,4125
4126,4126
4127,4127
4128,4128
4129,4129
4130,4130
4131,4131
4132,4132
4133,4133
4134,4134
4135,4135
4136,4136
4137,4137
4138,4138
4139,4139
4140,4140
4141,4141
4142,4142
4143,4143
4144,4144
4145,4145
4146,4146
4147,4147
4148,4148
4149,4149
4150,4150
4151,4151
4152,4152
4153,4153
4154,4154
4155,4155
4156,4156
4157,4157
4158,4158
4159,4159
4160,4160
4161,4161
4162,4162
4163,4163
4164,4164
4165,4165
4166,4166
4167,4167
4168,4168
4169,4169
4170,4170
4171,4171
4172,4172
4173,4173
4174,4174
4175,4175
4176,4176
4177,4177
4178,4178
4179,4179
4180,4180
4181,4181
4182,4182
4183,4183
4184,4184
4185,4185
4186,4186
4187,4187
4188,4188
4189,4189
4190,4190
4191,4191
4192,4192
4193,4193
4194,4194
4195,4195
4196,4196
4197,4197
4198,4198
4199,4199
4200,4200
4201,4201
4202,4202
4203,4203
4204,4204
4205,4205
4206,4206
4207,4207
4208,4208
4209,4209
4210,4210
4211,4211
4212,4212
4213,4213
4214,4214
4215,4215
4216,4216
4217,4217
4218,4218
4219,4219
4220,4220
4221,4221
4222,4222
4223,4223
4224,4224
4225,4225
4226,4226
4227,4227
4228,4228
4229,4229
4230,4230
4231,4231
4232,4232
4233,4233
4234,4234
4235,4235
4236,4236
4237,4237
4238,4238
4239,4239
4240,4240
4241,4241
4242,4242
4243,4243
4244,4244
4245,4245
4246,4246
4247,4247
4248,4248
4249,4249
4250,4250
4251,4251
4252,4252
4253,4253
4254,4254
4255,4255
4256,4256
4257,4257
4258,4258
4259,4259
4260,4260
4261,4261
4262,4262
4263,4263
4264,4264
4265,4265
4266,4266
4267,4267
4268,4268
4269,4269
4270,4270
4271,4271
4272,4272
4273,4273
4274,4274
4275,4275
4276,4276
4277,4277
4278,4278
4279,4279
4280,4280
4281,4281
4282,4282
4283,4283
4284,4284
4285,4285
4286,4286
4287,4287
4288,4288
4289,4289
4290,4290
4291,4291
4292,4292
4293,4293
4294,4294
4295,4295
4296,4296
4297,4297
4298,4298
4299,4299
4300,4300
4301,4301
4302,4302
4303,4303
4304,4304
4305,4305
4306,4306
4307,4307
4308,4308
4309,4309
4310,4310
4311,4311
4312,4312
4313,4313
4314,4314
4315,4315
4316,4316
4317,4317
4318,4318
4319,4319
4320,4320
4321,4321
4322,4322
4323,4323
4324,4324
4325,4325
4326,4326
4327,4327
4328,4328
4329,4329
4330,4330
4331,4331
4332,4332
4333,4333
4334,4334
4335,4335
4336,4336
4337,4337
4338,4338
4339,4339
4340,4340
4341,4341
4342,4342
4343,4343
4344,4344
4345,4345
4346,4346
4347,4347
4348,4348
4349,4349
4350,4350
4351,4351
4352,4352
4353,4353
4354,4354
4355,4355
4356,4356
4357,4357
4358,4358
4359,4359
4360,4360
4361,4361
4362,4362
4363,4363
4364,4364
4365,4365
4366,4366
4367,4367
4368,4368
4369,4369
4370,4370
4371,4371
4372,4372
4373,4373
4374,4374
4375,4375
4376,4376
4377,4377
4378,4378
4379,4379
4380,4380
4381,4381
4382,4382
4383,4383
4384,4384
4385,4385
4386,4386
4387,4387
4388,4388
4389,4389
4390,4390
4391,4391
4392,4392
4393,4393
4394,4394
4395,4395
4396,4396
4397,4397
4398,4398
4399,4399
4400,4400
4401,4401
4402,4402
4403,4403
4404,4404
4405,4405
4406,4406
4407,4407
4408,4408
4409,4409
4410,4410
4411,4411
4412,4412
4413,4413
4414,4414
4415,4415
4416,4416
4417,4417
4418,4418
4419,4419
4420,4420
4421,4421
4422,4422
4423,4423
4424,4424
4425,4425
4426,4426
4427,4427
4428,4428
4429,4429
4430,4430
4431,4431
4432,4432
4433,4433
4434,4434
4435,4435
4436,4436
4437,4437
4438,4438
4439,4439
4440,4440
4441,4441
4442,4442
4443,4443
4444,4444
4445,4445
4446,4446
4447,4447
4448,4448
4449,4449
4450,4450
4451,4451
4452,4452
4453,4453
4454,4454
4455,4455
4456,4456
4457,4457
4458,4458
4459,4459
4460,4460
4461,4461
4462,4462
4463,4463
4464,4464
4465,4465
4466,4466
4467,4467
4468,4468
4469,4469
4470,4470
4471,4471
4472,4472
4473,4473
4474,4474
4475,4475
4476,4476
4477,4477
4478,4478
4479,4479
4480,4480
4481,4481
4482,4482
4483,4483
4484,4484
4485,4485
4486,4486
4487,4487
4488,4488
4489,4489
4490,4490
4491,4491
4492,4492
4493,4493
4494,4494
4495,4495
4496,4496
4497,4497
4498,4498
4499,4499
4500,4500
4501,4501
4502,4502
4503,4503
4504,4504
4505,4505
4506,4506
4507,4507
4508,4508
4509,4509
4510,4510
4511,4511
4512,4512
4513,4513
4514,4514
4515,4515
4516,4516
4517,4517
4518,4518
4519,4519
4520,4520
4521,4521
4522,4522
4523,4523
4524,4524
4525,4525
4526,4526
4527,4527
4528,4528
4529,4529
4530,4530
4531,4531
4532,4532
4533,4533
4534,4534
4535,4535
4536,4536
4537,4537
4538,4538
4539,4539
4540,4540
4541,4541
4542,4542
4543,4543
4544,4544
4545,4545
4546,4546
4547,4547
4548,4548
4549,4549
4550,4550
4551,4551
4552,4552
4553,4553
4554,4554
4555,4555
4556,4556
4557,4557
4558,4558
4559,4559
4560,4560
4561,4561
4562,4562
4563,4563
4564,4564
4565,4565
4566,4566
4567,4567
4568,4568
4569,4569
4570,4570
4571,4571
4572,4572
4573,4573
4574,4574
4575,4575
4576,4576
4577,4577
4578,4578
4579,4579
4580,4580
4581,4581
4582,4582
4583,4583
4584,4584
4585,4585
4586,4586
4587,4587
4588,4588
4589,4589
4590,4590
4591,4591
4592,4592
4593,4593
4594,4594
4595,4595
4596,4596
4597,4597
4598,4598
4599,4599
4600,4600
4601,4601
4602,4602
4603,4603
4604,4604
4605,4605
4606,4606
4607,4607
4608,4608
4609,4609
4610,4610
4611,4611
4612,4612
4613,4613
4614,4614
4615,4615
4616,4616
4617,4617
4618,4618
4619,4619
4620,4620
4621,4621
4622,4622
4623,4623
4624,4624
4625,4625
4626,4626
4627,4627
4628,4628
4629,4629
4630,4630
4631,4631
4632,4632
4633,4633
4634,4634
4635,4635
4636,4636
4637,4637
4638,4638
4639,4639
4640,4640
4641,4641
4642,4642
4643,4643
4644,4644
4645,4645
4646,4646
4647,4647
4648,4648
4649,4649
4650,4650
4651,4651
4652,4652
4653,4653
4654,4654
4655,4655
4656,4656
4657,4657
4658,4658
4659,4659
4660,4660
4661,4661
4662,4662
4663,4663
4664,4664
4665,4665
4666,4666
4667,4667
4668,4668
4669,4669
4670,4670
4671,4671
4672,4672
4673,4673
4674,4674
4675,4675
4676,4676
4677,4677
4678,4678
4679,4679
4680,4680
4681,4681
4682,4682
4683,4683
4684,4684
4685,4685
4686,4686
4687,4687
4688,4688
4689,4689
4690,4690
4691,4691
4692,4692
4693,4693
4694,4694
4695,4695
4696,4696
4697,4697
4698,4698
4699,4699
4700,4700
4701,4701
4702,4702
4703,4703
4704,4704
4705,4705
4706,4706
4707,4707
4708,4708
4709,4709
4710,4710
4711,4711
4712,4712
4713,4713
4714,4714
4715,4715
4716,4716
4717,4717
4718,4718
4719,4719
4720,4720
4721,4721
4722,4722
4723,4723
4724,4724
4725,4725
4726,4726
4727,4727
4728,4728
4729,4729
4730,4730
4731,4731
4732,4732
4733,4733
4734,4734
4735,4735
4736,4736
4737,4737
4738,4738
4739,4739
4740,4740
4741,4741
4742,4742
4743,4743
4744,4744
4745,4745
4746,4746
4747,4747
4748,4748
4749,4749
4750,4750
4751,4751
4752,4752
4753,4753
4754,4754
4755,4755
4756,4756
4757,4757
4758,4758
4759,4759
4760,4760
4761,4761
4762,4762
4763,4763
4764,4764
4765,4765
4766,4766
4767,4767
4768,4768
4769,4769
4770,4770
4771,4771
4772,4772
4773,4773
4774,4774
4775,4775
4776,4776
4777,4777
4778,4778
4779,4779
4780,4780
4781,4781
4782,4782
4783,4783
4784,4784
4785,4785
4786,4786
4787,4787
4788,4788
4789,4789
4790,4790
4791,4791
4792,4792
4793,4793
4794,4794
4795,4795
4796,4796
4797,4797
4798,4798
4799,4799
4800,4800
4801,4801
4802,4802
4803,4803
4804,4804
4805,4805
1,14001
2,14002
3,14003
4,14004
5,14005
6,14006
7,14007
8,14008
9,14009
10,14010
11,14011
12,14012
13,14013
14,14014
15,14015
16,14016
17,14017
18,14018
19,14019
20,14020
21,14021
22,14022
23,14023
24,14024
25,14025
26,14026
27,14027
28,14028
29,14029
30,14030
31,14031
32,14032
33,14033
34,14034
35,14035
36,14036
37,14037
38,14038
39,14039
40,14040
41,14041
42,14042
43,14043
44,14044
45,14045
46,14046
47,14047
48,14048
49,14049
50,14050
51,14051
52,14052
53,14053
54,14054
55,14055
56,14056
57,14057
58,14058
59,14059
60,14060
61,14061
62,14062
63,14063
64,14064
65,14065
66,14066
67,14067
68,14068
69,14069
70,14070
71,14071
72,14072
73,14073
74,14074
75,14075
76,14076
77,14077
78,14078
79,14079
80,14080
81,14081
82,14082
83,14083
84,14084
85,14085
86,14086
87,14087
88,14088
89,14089
90,14090
91,14091
92,14092
93,14093
94,14094
95,14095
96,14096
97,14097
98,14098
99,14099
100,14100
101,14101
102,14102
103,14103
104,14104
105,14105
106,14106
107,14107
108,14108
109,14109
110,14110
111,14111
112,14112
113,14113
114,14114
115,14115
116,14116
117,14117
118,14118
119,14119
120,14120
121,14121
122,14122
123,14123
124,14124
125,14125
126,14126
127,14127
128,14128
129,14129
130,14130
131,14131
132,14132
133,14133
134,14134
135,14135
136,14136
137,14137
138,14138
139,14139
140,14140
141,14141
142,14142
143,14143
144,14144
145,14145
146,14146
147,14147
148,14148
149,14149
150,14150
151,14151
152,14152
153,14153
154,14154
155,14155
156,14156
157,14157
158,14158
159,14159
160,14160
161,14161
162,14162
163,14163
164,14164
165,14165
166,14166
167,14167
168,14168
169,14169
170,14170
171,14171
172,14172
173,14173
174,14174
175,14175
176,14176
177,14177
178,14178
179,14179
180,14180
181,14181
182,14182
183,14183
184,14184
185,14185
186,14186
187,14187
188,14188
189,14189
190,14190
191,14191
192,14192
193,14193
194,14194
195,14195
196,14196
197,14197
198,14198
199,14199
200,14200
201,14201
202,14202
203,14203
204,14204
205,14205
206,14206
207,14207
208,14208
209,14209
210,14210
211,14211
212,14212
213,14213
214,14214
215,14215
216,14216
217,14217
218,14218
219,14219
220,14220
221,14221
222,14222
223,14223
224,14224
225,14225
226,14226
227,14227
228,14228
229,14229
230,14230
231,14231
232,14232
233,14233
234,14234
235,14235
236,14236
237,14237
238,14238
239,14239
240,14240
241,14241
242,14242
243,14243
244,14244
245,14245
246,14246
247,14247
248,14248
249,14249
250,14250
251,14251
252,14252
253,14253
254,14254
255,14255
256,14256
257,14257
258,14258
259,14259
260,14260
261,14261
262,14262
263,14263
264,14264
265,14265
266,14266
267,14267
268,14268
269,14269
270,14270
271,14271
272,14272
273,14273
274,14274
275,14275
276,14276
277,14277
278,14278
279,14279
280,14280
281,14281
282,14282
283,14283
284,14284
285,14285
286,14286
287,14287
288,14288
289,14289
290,14290
291,14291
292,14292
293,14293
294,14294
295,14295
296,14296
297,14297
298,14298
299,14299
300,14300
301,14301
302,14302
303,14303
304,14304
305,14305
306,14306
307,14307
308,14308
309,14309
310,14310
311,14311
312,14312
313,14313
314,14314
315,14315
316,14316
317,14317
318,14318
319,14319
320,14320
321,14321
322,14322
323,14323
324,14324
325,14325
326,14326
327,14327
328,14328
329,14329
330,14330
331,14331
332,14332
333,14333
334,14334
335,14335
336,14336
337,14337
338,14338
339,14339
340,14340
341,14341
342,14342
343,14343
344,14344
345,14345
346,14346
347,14347
348,14348
349,14349
350,14350
351,14351
352,14352
353,14353
354,14354
355,14355
356,14356
357,14357
358,14358
359,14359
360,14360
361,14361
362,14362
363,14363
364,14364
365,14365
366,14366
367,14367
368,14368
369,14369
370,14370
371,14371
372,14372
373,14373
374,14374
375,14375
376,14376
377,14377
378,14378
379,14379
380,14380
381,14381
382,14382
383,14383
384,14384
385,14385
386,14386
387,14387
388,14388
389,14389
390,14390
391,14391
392,14392
393,14393
394,14394
395,14395
396,14396
397,14397
398,14398
399,14399
400,14400
401,14401
402,14402
403,14403
404,14404
405,14405
406,14406
407,14407
408,14408
409,14409
410,14410
411,14411
412,14412
413,14413
414,14414
415,14415
416,14416
417,14417
418,14418
419,14419
420,14420
421,14421
422,14422
423,14423
424,14424
425,14425
426,14426
427,14427
428,14428
429,14429
430,14430
431,14431
432,14432
433,14433
434,14434
435,14435
436,14436
437,14437
438,14438
439,14439
440,14440
441,14441
442,14442
443,14443
444,14444
445,14445
446,14446
447,14447
448,14448
449,14449
450,14450
451,14451
452,14452
453,14453
454,14454
455,14455
456,14456
457,14457
458,14458
459,14459
460,14460
461,14461
462,14462
463,14463
464,14464
465,14465
466,14466
467,14467
468,14468
469,14469
470,14470
471,14471
472,14472
473,14473
474,14474
475,14475
476,14476
477,14477
478,14478
479,14479
480,14480
481,14481
482,14482
483,14483
484,14484
485,14485
486,14486
487,14487
488,14488
489,14489
490,14490
491,14491
492,14492
493,14493
494,14494
495,14495
496,14496
497,14497
498,14498
499,14499
500,14500
501,14501
502,14502
503,14503
504,14504
505,14505
506,14506
507,14507
508,14508
509,14509
510,14510
511,14511
512,14512
513,14513
514,14514
515,14515
516,14516
517,14517
518,14518
519,14519
520,14520
521,14521
522,14522
523,14523
524,14524
525,14525
526,14526
527,14527
528,14528
529,14529
530,14530
531,14531
532,14532
533,14533
534,14534
535,14535
536,14536
537,14537
538,14538
539,14539
540,14540
541,14541
542,14542
543,14543
544,14544
545,14545
546,14546
547,14547
548,14548
549,14549
550,14550
551,14551
552,14552
553,14553
554,14554
555,14555
556,14556
557,14557
558,14558
559,14559
560,14560
561,14561
562,14562
563,14563
564,14564
565,14565
566,14566
567,14567
568,14568
569,14569
570,14570
571,14571
572,14572
573,14573
574,14574
575,14575
576,14576
577,14577
578,14578
579,14579
580,14580
581,14581
582,14582
583,14583
584,14584
585,14585
586,14586
587,14587
588,14588
589,14589
590,14590
591,14591
592,14592
593,14593
594,14594
595,14595
596,14596
597,14597
598,14598
599,14599
600,14600
601,14601
602,14602
603,14603
604,14604
605,14605
606,14606
607,14607
608,14608
609,14609
610,14610
611,14611
612,14612
613,14613
614,14614
615,14615
616,14616
617,14617
618,14618
619,14619
620,14620
621,14621
622,14622
623,14623
624,14624
625,14625
626,14626
627,14627
628,14628
629,14629
630,14630
631,14631
632,14632
633,14633
634,14634
635,14635
636,14636
637,14637
638,14638
639,14639
640,14640
641,14641
642,14642
643,14643
644,14644
645,14645
646,14646
647,14647
648,14648
649,14649
650,14650
651,14651
652,14652
653,14653
654,14654
655,14655
656,14656
657,14657
658,14658
659,14659
660,14660
661,14661
662,14662
663,14663
664,14664
665,14665
666,14666
667,14667
668,14668
669,14669
670,14670
671,14671
672,14672
673,14673
674,14674
675,14675
676,14676
677,14677
678,14678
679,14679
680,14680
681,14681
682,14682
683,14683
684,14684
685,14685
686,14686
687,14687
688,14688
689,14689
690,14690
691,14691
692,14692
693,14693
694,14694
695,14695
696,14696
697,14697
698,14698
699,14699
700,14700
701,14701
702,14702
703,14703
704,14704
705,14705
706,14706
707,14707
708,14708
709,14709
710,14710
711,14711
712,14712
713,14713
714,14714
715,14715
716,14716
717,14717
718,14718
719,14719
720,14720
721,14721
722,14722
723,14723
724,14724
725,14725
726,14726
727,14727
728,14728
729,14729
730,14730
731,14731
732,14732
733,14733
734,14734
735,14735
736,14736
737,14737
738,14738
739,14739
740,14740
741,14741
742,14742
743,14743
744,14744
745,14745
746,14746
747,14747
748,14748
749,14749
750,14750
751,14751
752,14752
753,14753
754,14754
755,14755
756,14756
757,14757
758,14758
759,14759
760,14760
761,14761
762,14762
763,14763
764,14764
765,14765
766,14766
767,14767
768,14768
769,14769
770,14770
771,14771
772,14772
773,14773
774,14774
775,14775
776,14776
777,14777
778,14778
779,14779
780,14780
781,14781
782,14782
783,14783
784,14784
785,14785
786,14786
787,14787
788,14788
789,14789
790,14790
791,14791
792,14792
793,14793
794,14794
795,14795
796,14796
797,14797
798,14798
799,14799
800,14800
801,14801
802,14802
803,14803
804,14804
805,14805
806,14806
807,14807
808,14808
809,14809
810,14810
811,14811
812,14812
813,14813
814,14814
815,14815
816,14816
817,14817
818,14818
819,14819
820,14820
821,14821
822,14822
823,14823
824,14824
825,14825
826,14826
827,14827
828,14828
829,14829
830,14830
831,14831
832,14832
833,14833
834,14834
835,14835
836,14836
837,14837
838,14838
839,14839
840,14840
841,14841
842,14842
843,14843
844,14844
845,14845
846,14846
847,14847
848,14848
849,14849
850,14850
851,14851
852,14852
853,14853
854,14854
855,14855
856,14856
857,14857
858,14858
859,14859
860,14860
861,14861
862,14862
863,14863
864,14864
865,14865
866,14866
867,14867
868,14868
869,14869
870,14870
871,14871
872,14872
873,14873
874,14874
875,14875
876,14876
877,14877
878,14878
879,14879
880,14880
881,14881
882,14882
883,14883
884,14884
885,14885
886,14886
887,14887
888,14888
889,14889
890,14890
891,14891
892,14892
893,14893
894,14894
895,14895
896,14896
897,14897
898,14898
899,14899
900,14900
901,14901
902,14902
903,14903
904,14904
905,14905
906,14906
907,14907
908,14908
909,14909
910,14910
911,14911
912,14912
913,14913
914,14914
915,14915
916,14916
917,14917
918,14918
919,14919
920,14920
921,14921
922,14922
923,14923
924,14924
925,14925
926,14926
927,14927
928,14928
929,14929
930,14930
931,14931
932,14932
933,14933
934,14934
935,14935
936,14936
937,14937
938,14938
939,14939
940,14940
941,14941
942,14942
943,14943
944,14944
945,14945
946,14946
947,14947
948,14948
949,14949
950,14950
951,14951
952,14952
953,14953
954,14954
955,14955
956,14956
957,14957
958,14958
959,14959
960,14960
961,14961
962,14962
963,14963
964,14964
965,14965
966,14966
967,14967
968,14968
969,14969
970,14970
971,14971
972,14972
973,14973
974,14974
975,14975
976,14976
977,14977
978,14978
979,14979
980,14980
981,14981
982,14982
983,14983
984,14984
985,14985
986,14986
987,14987
988,14988
989,14989
990,14990
991,14991
992,14992
993,14993
994,14994
995,14995
996,14996
997,14997
998,14998
999,14999
1000,15000
1001,15001
1002,15002
1003,15003
1004,15004
1005,15005
1006,15006
1007,15007
1008,15008
1009,15009
1010,15010
1011,15011
1012,15012
1013,15013
1014,15014
1015,15015
1016,15016
1017,15017
1018,15018
1019,15019
1020,15020
1021,15021
1022,15022
1023,15023
1024,15024
1025,15025
1026,15026
1027,15027
1028,15028
1029,15029
1030,15030
1031,15031
1032,15032
1033,15033
1034,15034
1035,15035
1036,15036
1037,15037
1038,15038
1039,15039
1040,15040
1041,15041
1042,15042
1043,15043
1044,15044
1045,15045
1046,15046
1047,15047
1048,15048
1049,15049
1050,15050
1051,15051
1052,15052
1053,15053
1054,15054
1055,15055
1056,15056
1057,15057
1058,15058
1059,15059
1060,15060
1061,15061
1062,15062
1063,15063
1064,15064
1065,15065
1066,15066
1067,15067
1068,15068
1069,15069
1070,15070
1071,15071
1072,15072
1073,15073
1074,15074
1075,15075
1076,15076
1077,15077
1078,15078
1079,15079
1080,15080
1081,15081
1082,15082
1083,15083
1084,15084
1085,15085
1086,15086
1087,15087
1088,15088
1089,15089
1090,15090
1091,15091
1092,15092
1093,15093
1094,15094
1095,15095
1096,15096
1097,15097
1098,15098
1099,15099
1100,15100
1101,15101
1102,15102
1103,15103
1104,15104
1105,15105
1106,15106
1107,15107
1108,15108
1109,15109
1110,15110
1111,15111
1112,15112
1113,15113
1114,15114
1115,15115
1116,15116
1117,15117
1118,15118
1119,15119
1120,15120
1121,15121
1122,15122
1123,15123
1124,15124
1125,15125
1126,15126
1127,15127
1128,15128
1129,15129
1130,15130
1131,15131
1132,15132
1133,15133
1134,15134
1135,15135
1136,15136
1137,15137
1138,15138
1139,15139
1140,15140
1141,15141
1142,15142
1143,15143
1144,15144
1145,15145
1146,15146
1147,15147
1148,15148
1149,15149
1150,15150
1151,15151
1152,15152
1153,15153
1154,15154
1155,15155
1156,15156
1157,15157
1158,15158
1159,15159
1160,15160
1161,15161
1162,15162
1163,15163
1164,15164
1165,15165
1166,15166
1167,15167
1168,15168
1169,15169
1170,15170
1171,15171
1172,15172
1173,15173
1174,15174
1175,15175
1176,15176
1177,15177
1178,15178
1179,15179
1180,15180
1181,15181
1182,15182
1183,15183
1184,15184
1185,15185
1186,15186
1187,15187
1188,15188
1189,15189
1190,15190
1191,15191
1192,15192
1193,15193
1194,15194
1195,15195
1196,15196
1197,15197
1198,15198
1199,15199
1200,15200
1201,15201
1202,15202
1203,15203
1204,15204
1205,15205
1206,15206
1207,15207
1208,15208
1209,15209
1210,15210
1211,15211
1212,15212
1213,15213
1214,15214
1215,15215
1216,15216
1217,15217
1218,15218
1219,15219
1220,15220
1221,15221
1222,15222
1223,15223
1224,15224
1225,15225
1226,15226
1227,15227
1228,15228
1229,15229
1230,15230
1231,15231
1232,15232
1233,15233
1234,15234
1235,15235
1236,15236
1237,15237
1238,15238
1239,15239
1240,15240
1241,15241
1242,15242
1243,15243
1244,15244
1245,15245
1246,15246
1247,15247
1248,15248
1249,15249
1250,15250
1251,15251
1252,15252
1253,15253
1254,15254
1255,15255
1256,15256
1257,15257
1258,15258
1259,15259
1260,15260
1261,15261
1262,15262
1263,15263
1264,15264
1265,15265
1266,15266
1267,15267
1268,15268
1269,15269
1270,15270
1271,15271
1272,15272
1273,15273
1274,15274
1275,15275
1276,15276
1277,15277
1278,15278
1279,15279
1280,15280
1281,15281
1282,15282
1283,15283
1284,15284
1285,15285
1286,15286
1287,15287
1288,15288
1289,15289
1290,15290
1291,15291
1292,15292
1293,15293
1294,15294
1295,15295
1296,15296
1297,15297
1298,15298
1299,15299
1300,15300
1301,15301
1302,15302
1303,15303
1304,15304
1305,15305
1306,15306
1307,15307
1308,15308
1309,15309
1310,15310
1311,15311
1312,15312
1313,15313
1314,15314
1315,15315
1316,15316
1317,15317
1318,15318
1319,15319
1320,15320
1321,15321
1322,15322
1323,15323
1324,15324
1325,15325
1326,15326
1327,15327
1328,15328
1329,15329
1330,15330
1331,15331
1332,15332
1333,15333
1334,15334
1335,15335
1336,15336
1337,15337
1338,15338
1339,15339
1340,15340
1341,15341
1342,15342
1343,15343
1344,15344
1345,15345
1346,15346
1347,15347
1348,15348
1349,15349
1350,15350
1351,15351
1352,15352
1353,15353
1354,15354
1355,15355
1356,15356
1357,15357
1358,15358
1359,15359
1360,15360
1361,15361
1362,15362
1363,15363
1364,15364
1365,15365
1366,15366
1367,15367
1368,15368
1369,15369
1370,15370
1371,15371
1372,15372
1373,15373
1374,15374
1375,15375
1376,15376
1377,15377
1378,15378
1379,15379
1380,15380
1381,15381
1382,15382
1383,15383
1384,15384
1385,15385
1386,15386
1387,15387
1388,15388
1389,15389
1390,15390
1391,15391
1392,15392
1393,15393
1394,15394
1395,15395
1396,15396
1397,15397
1398,15398
1399,15399
1400,15400
1401,15401
1402,15402
1403,15403
1404,15404
1405,15405
1406,15406
1407,15407
1408,15408
1409,15409
1410,15410
1411,15411
1412,15412
1413,15413
1414,15414
1415,15415
1416,15416
1417,15417
1418,15418
1419,15419
1420,15420
1421,15421
1422,15422
1423,15423
1424,15424
1425,15425
1426,15426
1427,15427
1428,15428
1429,15429
1430,15430
1431,15431
1432,15432
1433,15433
1434,15434
1435,15435
1436,15436
1437,15437
1438,15438
1439,15439
1440,15440
1441,15441
1442,15442
1443,15443
1444,15444
1445,15445
1446,15446
1447,15447
1448,15448
1449,15449
1450,15450
1451,15451
1452,15452
1453,15453
1454,15454
1455,15455
1456,15456
1457,15457
1458,15458
1459,15459
1460,15460
1461,15461
1462,15462
1463,15463
1464,15464
1465,15465
1466,15466
1467,15467
1468,15468
1469,15469
1470,15470
1471,15471
1472,15472
1473,15473
1474,15474
1475,15475
1476,15476
1477,15477
1478,15478
1479,15479
1480,15480
1481,15481
1482,15482
1483,15483
1484,15484
1485,15485
1486,15486
1487,15487
1488,15488
1489,15489
1490,15490
1491,15491
1492,15492
1493,15493
1494,15494
1495,15495
1496,15496
1497,15497
1498,15498
1499,15499
1500,15500
1501,15501
1502,15502
1503,15503
1504,15504
1505,15505
1506,15506
1507,15507
1508,15508
1509,15509
1510,15510
1511,15511
1512,15512
1513,15513
1514,15514
1515,15515
1516,15516
1517,15517
1518,15518
1519,15519
1520,15520
1521,15521
1522,15522
1523,15523
1524,15524
1525,15525
1526,15526
1527,15527
1528,15528
1529,15529
1530,15530
1531,15531
1532,15532
1533,15533
1534,15534
1535,15535
1536,15536
1537,15537
1538,15538
1539,15539
1540,15540
1541,15541
1542,15542
1543,15543
1544,15544
1545,15545
1546,15546
1547,15547
1548,15548
1549,15549
1550,15550
1551,15551
1552,15552
1553,15553
1554,15554
1555,15555
1556,15556
1557,15557
1558,15558
1559,15559
1560,15560
1561,15561
1562,15562
1563,15563
1564,15564
1565,15565
1566,15566
1567,15567
1568,15568
1569,15569
1570,15570
1571,15571
1572,15572
1573,15573
1574,15574
1575,15575
1576,15576
1577,15577
1578,15578
1579,15579
1580,15580
1581,15581
1582,15582
1583,15583
1584,15584
1585,15585
1586,15586
1587,15587
1588,15588
1589,15589
1590,15590
1591,15591
1592,15592
1593,15593
1594,15594
1595,15595
1596,15596
1597,15597
1598,15598
1599,15599
1600,15600
1601,15601
1602,15602
1603,15603
1604,15604
1605,15605
1606,15606
1607,15607
1608,15608
1609,15609
1610,15610
1611,15611
1612,15612
1613,15613
1614,15614
1615,15615
1616,15616
1617,15617
1618,15618
1619,15619
1620,15620
1621,15621
1622,15622
1623,15623
1624,15624
1625,15625
1626,15626
1627,15627
1628,15628
1629,15629
1630,15630
1631,15631
1632,15632
1633,15633
1634,15634
1635,15635
1636,15636
1637,15637
1638,15638
1639,15639
1640,15640
1641,15641
1642,15642
1643,15643
1644,15644
1645,15645
1646,15646
1647,15647
1648,15648
1649,15649
1650,15650
1651,15651
1652,15652
1653,15653
1654,15654
1655,15655
1656,15656
1657,15657
1658,15658
1659,15659
1660,15660
1661,15661
1662,15662
1663,15663
1664,15664
1665,15665
1666,15666
1667,15667
1668,15668
1669,15669
1670,15670
1671,15671
1672,15672
1673,15673
1674,15674
1675,15675
1676,15676
1677,15677
1678,15678
1679,15679
1680,15680
1681,15681
1682,15682
1683,15683
1684,15684
1685,15685
1686,15686
1687,15687
1688,15688
1689,15689
1690,15690
1691,15691
1692,15692
1693,15693
1694,15694
1695,15695
1696,15696
1697,15697
1698,15698
1699,15699
1700,15700
1701,15701
1702,15702
1703,15703
1704,15704
1705,15705
1706,15706
1707,15707
1708,15708
1709,15709
1710,15710
1711,15711
1712,15712
1713,15713
1714,15714
1715,15715
1716,15716
1717,15717
1718,15718
1719,15719
1720,15720
1721,15721
1722,15722
1723,15723
1724,15724
1725,15725
1726,15726
1727,15727
1728,15728
1729,15729
1730,15730
1731,15731
1732,15732
1733,15733
1734,15734
1735,15735
1736,15736
1737,15737
1738,15738
1739,15739
1740,15740
1741,15741
1742,15742
1743,15743
1744,15744
1745,15745
1746,15746
1747,15747
1748,15748
1749,15749
1750,15750
1751,15751
1752,15752
1753,15753
1754,15754
1755,15755
1756,15756
1757,15757
1758,15758
1759,15759
1760,15760
1761,15761
1762,15762
1763,15763
1764,15764
1765,15765
1766,15766
1767,15767
1768,15768
1769,15769
1770,15770
1771,15771
1772,15772
1773,15773
1774,15774
1775,15775
1776,15776
1777,15777
1778,15778
1779,15779
1780,15780
1781,15781
1782,15782
1783,15783
1784,15784
1785,15785
1786,15786
1787,15787
1788,15788
1789,15789
1790,15790
1791,15791
1792,15792
1793,15793
1794,15794
1795,15795
1796,15796
1797,15797
1798,15798
1799,15799
1800,15800
1801,15801
1802,15802
1803,15803
1804,15804
1805,15805
1806,15806
1807,15807
1808,15808
1809,15809
1810,15810
1811,15811
1812,15812
1813,15813
1814,15814
1815,15815
1816,15816
1817,15817
1818,15818
1819,15819
1820,15820
1821,15821
1822,15822
1823,15823
1824,15824
1825,15825
1826,15826
1827,15827
1828,15828
1829,15829
1830,15830
1831,15831
1832,15832
1833,15833
1834,15834
1835,15835
1836,15836
1837,15837
1838,15838
1839,15839
1840,15840
1841,15841
1842,15842
1843,15843
1844,15844
1845,15845
1846,15846
1847,15847
1848,15848
1849,15849
1850,15850
1851,15851
1852,15852
1853,15853
1854,15854
1855,15855
1856,15856
1857,15857
1858,15858
1859,15859
1860,15860
1861,15861
1862,15862
1863,15863
1864,15864
1865,15865
1866,15866
1867,15867
1868,15868
1869,15869
1870,15870
1871,15871
1872,15872
1873,15873
1874,15874
1875,15875
1876,15876
1877,15877
1878,15878
1879,15879
1880,15880
1881,15881
1882,15882
1883,15883
1884,15884
1885,15885
1886,15886
1887,15887
1888,15888
1889,15889
1890,15890
1891,15891
1892,15892
1893,15893
1894,15894
1895,15895
1896,15896
1897,15897
1898,15898
1899,15899
1900,15900
1901,15901
1902,15902
1903,15903
1904,15904
1905,15905
1906,15906
1907,15907
1908,15908
1909,15909
1910,15910
1911,15911
1912,15912
1913,15913
1914,15914
1915,15915
1916,15916
1917,15917
1918,15918
1919,15919
1920,15920
1921,15921
1922,15922
1923,15923
1924,15924
1925,15925
1926,15926
1927,15927
1928,15928
1929,15929
1930,15930
1931,15931
1932,15932
1933,15933
1934,15934
1935,15935
1936,15936
1937,15937
1938,15938
1939,15939
1940,15940
1941,15941
1942,15942
1943,15943
1944,15944
1945,15945
1946,15946
1947,15947
1948,15948
1949,15949
1950,15950
1951,15951
1952,15952
1953,15953
1954,15954
1955,15955
1956,15956
1957,15957
1958,15958
1959,15959
1960,15960
1961,15961
1962,15962
1963,15963
1964,15964
1965,15965
1966,15966
1967,15967
1968,15968
1969,15969
1970,15970
1971,15971
1972,15972
1973,15973
1974,15974
1975,15975
1976,15976
1977,15977
1978,15978
1979,15979
1980,15980
1981,15981
1982,15982
1983,15983
1984,15984
1985,15985
1986,15986
1987,15987
1988,15988
1989,15989
1990,15990
1991,15991
1992,15992
1993,15993
1994,15994
1995,15995
1996,15996
1997,15997
1998,15998
1999,15999
2000,16000
2001,16001
2002,16002
2003,16003
2004,16004
2005,16005
2006,16006
2007,16007
2008,16008
2009,16009
2010,16010
2011,16011
2012,16012
2013,16013
2014,16014
2015,16015
2016,16016
2017,16017
2018,16018
2019,16019
2020,16020
2021,16021
2022,16022
2023,16023
2024,16024
2025,16025
2026,16026
2027,16027
2028,16028
2029,16029
2030,16030
2031,16031
2032,16032
2033,16033
2034,16034
2035,16035
2036,16036
2037,16037
2038,16038
2039,16039
2040,16040
2041,16041
2042,16042
2043,16043
2044,16044
2045,16045
2046,16046
2047,16047
2048,16048
2049,16049
2050,16050
2051,16051
2052,16052
2053,16053
2054,16054
2055,16055
2056,16056
2057,16057
2058,16058
2059,16059
2060,16060
2061,16061
2062,16062
2063,16063
2064,16064
2065,16065
2066,16066
2067,16067
2068,16068
2069,16069
2070,16070
2071,16071
2072,16072
2073,16073
2074,16074
2075,16075
2076,16076
2077,16077
2078,16078
2079,16079
2080,16080
2081,16081
2082,16082
2083,16083
2084,16084
2085,16085
2086,16086
2087,16087
2088,16088
2089,16089
2090,16090
2091,16091
2092,16092
2093,16093
2094,16094
2095,16095
2096,16096
2097,16097
2098,16098
2099,16099
2100,16100
2101,16101
2102,16102
2103,16103
2104,16104
2105,16105
2106,16106
2107,16107
2108,16108
2109,16109
2110,16110
2111,16111
2112,16112
2113,16113
2114,16114
2115,16115
2116,16116
2117,16117
2118,16118
2119,16119
2120,16120
2121,16121
2122,16122
2123,16123
2124,16124
2125,16125
2126,16126
2127,16127
2128,16128
2129,16129
2130,16130
2131,16131
2132,16132
2133,16133
2134,16134
2135,16135
2136,16136
2137,16137
2138,16138
2139,16139
2140,16140
2141,16141
2142,16142
2143,16143
2144,16144
2145,16145
2146,16146
2147,16147
2148,16148
2149,16149
2150,16150
2151,16151
2152,16152
2153,16153
2154,16154
2155,16155
2156,16156
2157,16157
2158,16158
2159,16159
2160,16160
2161,16161
2162,16162
2163,16163
2164,16164
2165,16165
2166,16166
2167,16167
2168,16168
2169,16169
2170,16170
2171,16171
2172,16172
2173,16173
2174,16174
2175,16175
2176,16176
2177,16177
2178,16178
2179,16179
2180,16180
2181,16181
2182,16182
2183,16183
2184,16184
2185,16185
2186,16186
2187,16187
2188,16188
2189,16189
2190,16190
2191,16191
2192,16192
2193,16193
2194,16194
2195,16195
2196,16196
2197,16197
2198,16198
2199,16199
2200,16200
2201,16201
2202,16202
2203,16203
2204,16204
2205,16205
2206,16206
2207,16207
2208,16208
2209,16209
2210,16210
2211,16211
2212,16212
2213,16213
2214,16214
2215,16215
2216,16216
2217,16217
2218,16218
2219,16219
2220,16220
2221,16221
2222,16222
2223,16223
2224,16224
2225,16225
2226,16226
2227,16227
2228,16228
2229,16229
2230,16230
2231,16231
2232,16232
2233,16233
2234,16234
2235,16235
2236,16236
2237,16237
2238,16238
2239,16239
2240,16240
2241,16241
2242,16242
2243,16243
2244,16244
2245,16245
2246,16246
2247,16247
2248,16248
2249,16249
2250,16250
2251,16251
2252,16252
2253,16253
2254,16254
2255,16255
2256,16256
2257,16257
2258,16258
2259,16259
2260,16260
2261,16261
2262,16262
2263,16263
2264,16264
2265,16265
2266,16266
2267,16267
2268,16268
2269,16269
2270,16270
2271,16271
2272,16272
2273,16273
2274,16274
2275,16275
2276,16276
2277,16277
2278,16278
2279,16279
2280,16280
2281,16281
2282,16282
2283,16283
2284,16284
2285,16285
2286,16286
2287,16287
2288,16288
2289,16289
2290,16290
2291,16291
2292,16292
2293,16293
2294,16294
2295,16295
2296,16296
2297,16297
2298,16298
2299,16299
2300,16300
2301,16301
2302,16302
2303,16303
2304,16304
2305,16305
2306,16306
2307,16307
2308,16308
2309,16309
2310,16310
2311,16311
2312,16312
2313,16313
2314,16314
2315,16315
2316,16316
2317,16317
2318,16318
2319,16319
2320,16320
2321,16321
2322,16322
2323,16323
2324,16324
2325,16325
2326,16326
2327,16327
2328,16328
2329,16329
2330,16330
2331,16331
2332,16332
2333,16333
2334,16334
2335,16335
2336,16336
2337,16337
2338,16338
2339,16339
2340,16340
2341,16341
2342,16342
2343,16343
2344,16344
2345,16345
2346,16346
2347,16347
2348,16348
2349,16349
2350,16350
2351,16351
2352,16352
2353,16353
2354,16354
2355,16355
2356,16356
2357,16357
2358,16358
2359,16359
2360,16360
2361,16361
2362,16362
2363,16363
2364,16364
2365,16365
2366,16366
2367,16367
2368,16368
2369,16369
2370,16370
2371,16371
2372,16372
2373,16373
2374,16374
2375,16375
2376,16376
2377,16377
2378,16378
2379,16379
2380,16380
2381,16381
2382,16382
2383,16383
2384,16384
2385,16385
2386,16386
2387,16387
2388,16388
2389,16389
2390,16390
2391,16391
2392,16392
2393,16393
2394,16394
2395,16395
2396,16396
2397,16397
2398,16398
2399,16399
2400,16400
2401,16401
2402,16402
2403,16403
2404,16404
2405,16405
2406,16406
2407,16407
2408,16408
2409,16409
2410,16410
2411,16411
2412,16412
2413,16413
2414,16414
2415,16415
2416,16416
2417,16417
2418,16418
2419,16419
2420,16420
2421,16421
2422,16422
2423,16423
2424,16424
2425,16425
2426,16426
2427,16427
2428,16428
2429,16429
2430,16430
2431,16431
2432,16432
2433,16433
2434,16434
2435,16435
2436,16436
2437,16437
2438,16438
2439,16439
2440,16440
2441,16441
2442,16442
2443,16443
2444,16444
2445,16445
2446,16446
2447,16447
2448,16448
2449,16449
2450,16450
2451,16451
2452,16452
2453,16453
2454,16454
2455,16455
2456,16456
2457,16457
2458,16458
2459,16459
2460,16460
2461,16461
2462,16462
2463,16463
2464,16464
2465,16465
2466,16466
2467,16467
2468,16468
2469,16469
2470,16470
2471,16471
2472,16472
2473,16473
2474,16474
2475,16475
2476,16476
2477,16477
2478,16478
2479,16479
2480,16480
2481,16481
2482,16482
2483,16483
2484,16484
2485,16485
2486,16486
2487,16487
2488,16488
2489,16489
2490,16490
2491,16491
2492,16492
2493,16493
2494,16494
2495,16495
2496,16496
2497,16497
2498,16498
2499,16499
2500,16500
2501,16501
2502,16502
2503,16503
2504,16504
2505,16505
2506,16506
2507,16507
2508,16508
2509,16509
2510,16510
2511,16511
2512,16512
2513,16513
2514,16514
2515,16515
2516,16516
2517,16517
2518,16518
2519,16519
2520,16520
2521,16521
2522,16522
2523,16523
2524,16524
2525,16525
2526,16526
2527,16527
2528,16528
2529,16529
2530,16530
2531,16531
2532,16532
2533,16533
2534,16534
2535,16535
2536,16536
2537,16537
2538,16538
2539,16539
2540,16540
2541,16541
2542,16542
2543,16543
2544,16544
2545,16545
2546,16546
2547,16547
2548,16548
2549,16549
2550,16550
2551,16551
2552,16552
2553,16553
2554,16554
2555,16555
2556,16556
2557,16557
2558,16558
2559,16559
2560,16560
2561,16561
2562,16562
2563,16563
2564,16564
2565,16565
2566,16566
2567,16567
2568,16568
2569,16569
2570,16570
2571,16571
2572,16572
2573,16573
2574,16574
2575,16575
2576,16576
2577,16577
2578,16578
2579,16579
2580,16580
2581,16581
2582,16582
2583,16583
2584,16584
2585,16585
2586,16586
2587,16587
2588,16588
2589,16589
2590,16590
2591,16591
2592,16592
2593,16593
2594,16594
2595,16595
2596,16596
2597,16597
2598,16598
2599,16599
2600,16600
2601,16601
2602,16602
2603,16603
2604,16604
2605,16605
2606,16606
2607,16607
2608,16608
2609,16609
2610,16610
2611,16611
2612,16612
2613,16613
2614,16614
2615,16615
2616,16616
2617,16617
2618,16618
2619,16619
2620,16620
2621,16621
2622,16622
2623,16623
2624,16624
2625,16625
2626,16626
2627,16627
2628,16628
2629,16629
2630,16630
2631,16631
2632,16632
2633,16633
2634,16634
2635,16635
2636,16636
2637,16637
2638,16638
2639,16639
2640,16640
2641,16641
2642,16642
2643,16643
2644,16644
2645,16645
2646,16646
2647,16647
2648,16648
2649,16649
2650,16650
2651,16651
2652,16652
2653,16653
2654,16654
2655,16655
2656,16656
2657,16657
2658,16658
2659,16659
2660,16660
2661,16661
2662,16662
2663,16663
2664,16664
2665,16665
2666,16666
2667,16667
2668,16668
2669,16669
2670,16670
2671,16671
2672,16672
2673,16673
2674,16674
2675,16675
2676,16676
2677,16677
2678,16678
2679,16679
2680,16680
2681,16681
2682,16682
2683,16683
2684,16684
2685,16685
2686,16686
2687,16687
2688,16688
2689,16689
2690,16690
2691,16691
2692,16692
2693,16693
2694,16694
2695,16695
2696,16696
2697,16697
2698,16698
2699,16699
2700,16700
2701,16701
2702,16702
2703,16703
2704,16704
2705,16705
2706,16706
2707,16707
2708,16708
2709,16709
2710,16710
2711,16711
2712,16712
2713,16713
2714,16714
2715,16715
2716,16716
2717,16717
2718,16718
2719,16719
2720,16720
2721,16721
2722,16722
2723,16723
2724,16724
2725,16725
2726,16726
2727,16727
2728,16728
2729,16729
2730,16730
2731,16731
2732,16732
2733,16733
2734,16734
2735,16735
2736,16736
2737,16737
2738,16738
2739,16739
2740,16740
2741,16741
2742,16742
2743,16743
2744,16744
2745,16745
2746,16746
2747,16747
2748,16748
2749,16749
2750,16750
2751,16751
2752,16752
2753,16753
2754,16754
2755,16755
2756,16756
2757,16757
2758,16758
2759,16759
2760,16760
2761,16761
2762,16762
2763,16763
2764,16764
2765,16765
2766,16766
2767,16767
2768,16768
2769,16769
2770,16770
2771,16771
2772,16772
2773,16773
2774,16774
2775,16775
2776,16776
2777,16777
2778,16778
2779,16779
2780,16780
2781,16781
2782,16782
2783,16783
2784,16784
2785,16785
2786,16786
2787,16787
2788,16788
2789,16789
2790,16790
2791,16791
2792,16792
2793,16793
2794,16794
2795,16795
2796,16796
2797,16797
2798,16798
2799,16799
2800,16800
2801,16801
2802,16802
2803,16803
2804,16804
2805,16805
2806,16806
2807,16807
2808,16808
2809,16809
2810,16810
2811,16811
2812,16812
2813,16813
2814,16814
2815,16815
2816,16816
2817,16817
2818,16818
2819,16819
2820,16820
2821,16821
2822,16822
2823,16823
2824,16824
2825,16825
2826,16826
2827,16827
2828,16828
2829,16829
2830,16830
2831,16831
2832,16832
2833,16833
2834,16834
2835,16835
2836,16836
2837,16837
2838,16838
2839,16839
2840,16840
2841,16841
2842,16842
2843,16843
2844,16844
2845,16845
2846,16846
2847,16847
2848,16848
2849,16849
2850,16850
2851,16851
2852,16852
2853,16853
2854,16854
2855,16855
2856,16856
2857,16857
2858,16858
2859,16859
2860,16860
2861,16861
2862,16862
2863,16863
2864,16864
2865,16865
2866,16866
2867,16867
2868,16868
2869,16869
2870,16870
2871,16871
2872,16872
2873,16873
2874,16874
2875,16875
2876,16876
2877,16877
2878,16878
2879,16879
2880,16880
2881,16881
2882,16882
2883,16883
2884,16884
2885,16885
2886,16886
2887,16887
2888,16888
2889,16889
2890,16890
2891,16891
2892,16892
2893,16893
2894,16894
2895,16895
2896,16896
2897,16897
2898,16898
2899,16899
2900,16900
2901,16901
2902,16902
2903,16903
2904,16904
2905,16905
2906,16906
2907,16907
2908,16908
2909,16909
2910,16910
2911,16911
2912,16912
2913,16913
2914,16914
2915,16915
2916,16916
2917,16917
2918,16918
2919,16919
2920,16920
2921,16921
2922,16922
2923,16923
2924,16924
2925,16925
2926,16926
2927,16927
2928,16928
2929,16929
2930,16930
2931,16931
2932,16932
2933,16933
2934,16934
2935,16935
2936,16936
2937,16937
2938,16938
2939,16939
2940,16940
2941,16941
2942,16942
2943,16943
2944,16944
2945,16945
2946,16946
2947,16947
2948,16948
2949,16949
2950,16950
2951,16951
2952,16952
2953,16953
2954,16954
2955,16955
2956,16956
2957,16957
2958,16958
2959,16959
2960,16960
2961,16961
2962,16962
2963,16963
2964,16964
2965,16965
2966,16966
2967,16967
2968,16968
2969,16969
2970,16970
2971,16971
2972,16972
2973,16973
2974,16974
2975,16975
2976,16976
2977,16977
2978,16978
2979,16979
2980,16980
2981,16981
2982,16982
2983,16983
2984,16984
2985,16985
2986,16986
2987,16987
2988,16988
2989,16989
2990,16990
2991,16991
2992,16992
2993,16993
2994,16994
2995,16995
2996,16996
2997,16997
2998,16998
2999,16999
3000,17000
3001,17001
3002,17002
3003,17003
3004,17004
3005,17005
3006,17006
3007,17007
3008,17008
3009,17009
3010,17010
3011,17011
3012,17012
3013,17013
3014,17014
3015,17015
3016,17016
3017,17017
3018,17018
3019,17019
3020,17020
3021,17021
3022,17022
3023,17023
3024,17024
3025,17025
3026,17026
3027,17027
3028,17028
3029,17029
3030,17030
3031,17031
3032,17032
3033,17033
3034,17034
3035,17035
3036,17036
3037,17037
3038,17038
3039,17039
3040,17040
3041,17041
3042,17042
3043,17043
3044,17044
3045,17045
3046,17046
3047,17047
3048,17048
3049,17049
3050,17050
3051,17051
3052,17052
3053,17053
3054,17054
3055,17055
3056,17056
3057,17057
3058,17058
3059,17059
3060,17060
3061,17061
3062,17062
3063,17063
3064,17064
3065,17065
3066,17066
3067,17067
3068,17068
3069,17069
3070,17070
3071,17071
3072,17072
3073,17073
3074,17074
3075,17075
3076,17076
3077,17077
3078,17078
3079,17079
3080,17080
3081,17081
3082,17082
3083,17083
3084,17084
3085,17085
3086,17086
3087,17087
3088,17088
3089,17089
3090,17090
3091,17091
3092,17092
3093,17093
3094,17094
3095,17095
3096,17096
3097,17097
3098,17098
3099,17099
3100,17100
3101,17101
3102,17102
3103,17103
3104,17104
3105,17105
3106,17106
3107,17107
3108,17108
3109,17109
3110,17110
3111,17111
3112,17112
3113,17113
3114,17114
3115,17115
3116,17116
3117,17117
3118,17118
3119,17119
3120,17120
3121,17121
3122,17122
3123,17123
3124,17124
3125,17125
3126,17126
3127,17127
3128,17128
3129,17129
3130,17130
3131,17131
3132,17132
3133,17133
3134,17134
3135,17135
3136,17136
3137,17137
3138,17138
3139,17139
3140,17140
3141,17141
3142,17142
3143,17143
3144,17144
3145,17145
3146,17146
3147,17147
3148,17148
3149,17149
3150,17150
3151,17151
3152,17152
3153,17153
3154,17154
3155,17155
3156,17156
3157,17157
3158,17158
3159,17159
3160,17160
3161,17161
3162,17162
3163,17163
3164,17164
3165,17165
3166,17166
3167,17167
3168,17168
3169,17169
3170,17170
3171,17171
3172,17172
3173,17173
3174,17174
3175,17175
3176,17176
3177,17177
3178,17178
3179,17179
3180,17180
3181,17181
3182,17182
3183,17183
3184,17184
3185,17185
3186,17186
3187,17187
3188,17188
3189,17189
3190,17190
3191,17191
3192,17192
3193,17193
3194,17194
3195,17195
3196,17196
3197,17197
3198,17198
3199,17199
3200,17200
3201,17201
3202,17202
3203,17203
3204,17204
3205,17205
3206,17206
3207,17207
3208,17208
3209,17209
3210,17210
3211,17211
3212,17212
3213,17213
3214,17214
3215,17215
3216,17216
3217,17217
3218,17218
3219,17219
3220,17220
3221,17221
3222,17222
3223,17223
3224,17224
3225,17225
3226,17226
3227,17227
3228,17228
3229,17229
3230,17230
3231,17231
3232,17232
3233,17233
3234,17234
3235,17235
3236,17236
3237,17237
3238,17238
3239,17239
3240,17240
3241,17241
3242,17242
3243,17243
3244,17244
3245,17245
3246,17246
3247,17247
3248,17248
3249,17249
3250,17250
3251,17251
3252,17252
3253,17253
3254,17254
3255,17255
3256,17256
3257,17257
3258,17258
3259,17259
3260,17260
3261,17261
3262,17262
3263,17263
3264,17264
3265,17265
3266,17266
3267,17267
3268,17268
3269,17269
3270,17270
3271,17271
3272,17272
3273,17273
3274,17274
3275,17275
3276,17276
3277,17277
3278,17278
3279,17279
3280,17280
3281,17281
3282,17282
3283,17283
3284,17284
3285,17285
3286,17286
3287,17287
3288,17288
3289,17289
3290,17290
3291,17291
3292,17292
3293,17293
3294,17294
3295,17295
3296,17296
3297,17297
3298,17298
3299,17299
3300,17300
3301,17301
3302,17302
3303,17303
3304,17304
3305,17305
3306,17306
3307,17307
3308,17308
3309,17309
3310,17310
3311,17311
3312,17312
3313,17313
3314,17314
3315,17315
3316,17316
3317,17317
3318,17318
3319,17319
3320,17320
3321,17321
3322,17322
3323,17323
3324,17324
3325,17325
3326,17326
3327,17327
3328,17328
3329,17329
3330,17330
3331,17331
3332,17332
3333,17333
3334,17334
3335,17335
3336,17336
3337,17337
3338,17338
3339,17339
3340,17340
3341,17341
3342,17342
3343,17343
3344,17344
3345,17345
3346,17346
3347,17347
3348,17348
3349,17349
3350,17350
3351,17351
3352,17352
3353,17353
3354,17354
3355,17355
3356,17356
3357,17357
3358,17358
3359,17359
3360,17360
3361,17361
3362,17362
3363,17363
3364,17364
3365,17365
3366,17366
3367,17367
3368,17368
3369,17369
3370,17370
3371,17371
3372,17372
3373,17373
3374,17374
3375,17375
3376,17376
3377,17377
3378,17378
3379,17379
3380,17380
3381,17381
3382,17382
3383,17383
3384,17384
3385,17385
3386,17386
3387,17387
3388,17388
3389,17389
3390,17390
3391,17391
3392,17392
3393,17393
3394,17394
3395,17395
3396,17396
3397,17397
3398,17398
3399,17399
3400,17400
3401,17401
3402,17402
3403,17403
3404,17404
3405,17405
3406,17406
3407,17407
3408,17408
3409,17409
3410,17410
3411,17411
3412,17412
3413,17413
3414,17414
3415,17415
3416,17416
3417,17417
3418,17418
3419,17419
3420,17420
3421,17421
3422,17422
3423,17423
3424,17424
3425,17425
3426,17426
3427,17427
3428,17428
3429,17429
3430,17430
3431,17431
3432,17432
3433,17433
3434,17434
3435,17435
3436,17436
3437,17437
3438,17438
3439,17439
3440,17440
3441,17441
3442,17442
3443,17443
3444,17444
3445,17445
3446,17446
3447,17447
3448,17448
3449,17449
3450,17450
3451,17451
3452,17452
3453,17453
3454,17454
3455,17455
3456,17456
3457,17457
3458,17458
3459,17459
3460,17460
3461,17461
3462,17462
3463,17463
3464,17464
3465,17465
3466,17466
3467,17467
3468,17468
3469,17469
3470,17470
3471,17471
3472,17472
3473,17473
3474,17474
3475,17475
3476,17476
3477,17477
3478,17478
3479,17479
3480,17480
3481,17481
3482,17482
3483,17483
3484,17484
3485,17485
3486,17486
3487,17487
3488,17488
3489,17489
3490,17490
3491,17491
3492,17492
3493,17493
3494,17494
3495,17495
3496,17496
3497,17497
3498,17498
3499,17499
3500,17500
3501,17501
3502,17502
3503,17503
3504,17504
3505,17505
3506,17506
3507,17507
3508,17508
3509,17509
3510,17510
3511,17511
3512,17512
3513,17513
3514,17514
3515,17515
3516,17516
3517,17517
3518,17518
3519,17519
3520,17520
3521,17521
3522,17522
3523,17523
3524,17524
3525,17525
3526,17526
3527,17527
3528,17528
3529,17529
3530,17530
3531,17531
3532,17532
3533,17533
3534,17534
3535,17535
3536,17536
3537,17537
3538,17538
3539,17539
3540,17540
3541,17541
3542,17542
3543,17543
3544,17544
3545,17545
3546,17546
3547,17547
3548,17548
3549,17549
3550,17550
3551,17551
3552,17552
3553,17553
3554,17554
3555,17555
3556,17556
3557,17557
3558,17558
3559,17559
3560,17560
3561,17561
3562,17562
3563,17563
3564,17564
3565,17565
3566,17566
3567,17567
3568,17568
3569,17569
3570,17570
3571,17571
3572,17572
3573,17573
3574,17574
3575,17575
3576,17576
3577,17577
3578,17578
3579,17579
3580,17580
3581,17581
3582,17582
3583,17583
3584,17584
3585,17585
3586,17586
3587,17587
3588,17588
3589,17589
3590,17590
3591,17591
3592,17592
3593,17593
3594,17594
3595,17595
3596,17596
3597,17597
3598,17598
3599,17599
3600,17600
3601,17601
3602,17602
3603,17603
3604,17604
3605,17605
3606,17606
3607,17607
3608,17608
3609,17609
3610,17610
3611,17611
3612,17612
3613,17613
3614,17614
3615,17615
3616,17616
3617,17617
3618,17618
3619,17619
3620,17620
3621,17621
3622,17622
3623,17623
3624,17624
3625,17625
3626,17626
3627,17627
3628,17628
3629,17629
3630,17630
3631,17631
3632,17632
3633,17633
3634,17634
3635,17635
3636,17636
3637,17637
3638,17638
3639,17639
3640,17640
3641,17641
3642,17642
3643,17643
3644,17644
3645,17645
3646,17646
3647,17647
3648,17648
3649,17649
3650,17650
3651,17651
3652,17652
3653,17653
3654,17654
3655,17655
3656,17656
3657,17657
3658,17658
3659,17659
3660,17660
3661,17661
3662,17662
3663,17663
3664,17664
3665,17665
3666,17666
3667,17667
3668,17668
3669,17669
3670,17670
3671,17671
3672,17672
3673,17673
3674,17674
3675,17675
3676,17676
3677,17677
3678,17678
3679,17679
3680,17680
3681,17681
3682,17682
3683,17683
3684,17684
3685,17685
3686,17686
3687,17687
3688,17688
3689,17689
3690,17690
3691,17691
3692,17692
3693,17693
3694,17694
3695,17695
3696,17696
3697,17697
3698,17698
3699,17699
3700,17700
3701,17701
3702,17702
3703,17703
3704,17704
3705,17705
3706,17706
3707,17707
3708,17708
3709,17709
3710,17710
3711,17711
3712,17712
3713,17713
3714,17714
3715,17715
3716,17716
3717,17717
3718,17718
3719,17719
3720,17720
3721,17721
3722,17722
3723,17723
3724,17724
3725,17725
3726,17726
3727,17727
3728,17728
3729,17729
3730,17730
3731,17731
3732,17732
3733,17733
3734,17734
3735,17735
3736,17736
3737,17737
3738,17738
3739,17739
3740,17740
3741,17741
3742,17742
3743,17743
3744,17744
3745,17745
3746,17746
3747,17747
3748,17748
3749,17749
3750,17750
3751,17751
3752,17752
3753,17753
3754,17754
3755,17755
3756,17756
3757,17757
3758,17758
3759,17759
3760,17760
3761,17761
3762,17762
3763,17763
3764,17764
3765,17765
3766,17766
3767,17767
3768,17768
3769,17769
3770,17770
3771,17771
3772,17772
3773,17773
3774,17774
3775,17775
3776,17776
3777,17777
3778,17778
3779,17779
3780,17780
3781,17781
3782,17782
3783,17783
3784,17784
3785,17785
3786,17786
3787,17787
3788,17788
3789,17789
3790,17790
3791,17791
3792,17792
3793,17793
3794,17794
3795,17795
3796,17796
3797,17797
3798,17798
3799,17799
3800,17800
3801,17801
3802,17802
3803,17803
3804,17804
3805,17805
3806,17806
3807,17807
3808,17808
3809,17809
3810,17810
3811,17811
3812,17812
3813,17813
3814,17814
3815,17815
3816,17816
3817,17817
3818,17818
3819,17819
3820,17820
3821,17821
3822,17822
3823,17823
3824,17824
3825,17825
3826,17826
3827,17827
3828,17828
3829,17829
3830,17830
3831,17831
3832,17832
3833,17833
3834,17834
3835,17835
3836,17836
3837,17837
3838,17838
3839,17839
3840,17840
3841,17841
3842,17842
3843,17843
3844,17844
3845,17845
3846,17846
3847,17847
3848,17848
3849,17849
3850,17850
3851,17851
3852,17852
3853,17853
3854,17854
3855,17855
3856,17856
3857,17857
3858,17858
3859,17859
3860,17860
3861,17861
3862,17862
3863,17863
3864,17864
3865,17865
3866,17866
3867,17867
3868,17868
3869,17869
3870,17870
3871,17871
3872,17872
3873,17873
3874,17874
3875,17875
3876,17876
3877,17877
3878,17878
3879,17879
3880,17880
3881,17881
3882,17882
3883,17883
3884,17884
3885,17885
3886,17886
3887,17887
3888,17888
3889,17889
3890,17890
3891,17891
3892,17892
3893,17893
3894,17894
3895,17895
3896,17896
3897,17897
3898,17898
3899,17899
3900,17900
3901,17901
3902,17902
3903,17903
3904,17904
3905,17905
3906,17906
3907,17907
3908,17908
3909,17909
3910,17910
3911,17911
3912,17912
3913,17913
3914,17914
3915,17915
3916,17916
3917,17917
3918,17918
3919,17919
3920,17920
3921,17921
3922,17922
3923,17923
3924,17924
3925,17925
3926,17926
3927,17927
3928,17928
3929,17929
3930,17930
3931,17931
3932,17932
3933,17933
3934,17934
3935,17935
3936,17936
3937,17937
3938,17938
3939,17939
3940,17940
3941,17941
3942,17942
3943,17943
3944,17944
3945,17945
3946,17946
3947,17947
3948,17948
3949,17949
3950,17950
3951,17951
3952,17952
3953,17953
3954,17954
3955,17955
3956,17956
3957,17957
3958,17958
3959,17959
3960,17960
3961,17961
3962,17962
3963,17963
3964,17964
3965,17965
3966,17966
3967,17967
3968,17968
3969,17969
3970,17970
3971,17971
3972,17972
3973,17973
3974,17974
3975,17975
3976,17976
3977,17977
3978,17978
3979,17979
3980,17980
3981,17981
3982,17982
3983,17983
3984,17984
3985,17985
3986,17986
3987,17987
3988,17988
3989,17989
3990,17990
3991,17991
3992,17992
3993,17993
3994,17994
3995,17995
3996,17996
3997,17997
3998,17998
3999,17999
4000,18000
4001,18001
4002,18002
4003,18003
4004,18004
4005,18005
4006,18006
4007,18007
4008,18008
4009,18009
4010,18010
4011,18011
4012,18012
4013,18013
4014,18014
4015,18015
4016,18016
4017,18017
4018,18018
4019,18019
4020,18020
4021,18021
4022,18022
4023,18023
4024,18024
4025,18025
4026,18026
4027,18027
4028,18028
4029,18029
4030,18030
4031,18031
4032,18032
4033,18033
4034,18034
4035,18035
4036,18036
4037,18037
4038,18038
4039,18039
4040,18040
4041,18041
4042,18042
4043,18043
4044,18044
4045,18045
4046,18046
4047,18047
4048,18048
4049,18049
4050,18050
4051,18051
4052,18052
4053,18053
4054,18054
4055,18055
4056,18056
4057,18057
4058,18058
4059,18059
4060,18060
4061,18061
4062,18062
4063,18063
4064,18064
4065,18065
4066,18066
4067,18067
4068,18068
4069,18069
4070,18070
4071,18071
4072,18072
4073,18073
4074,18074
4075,18075
4076,18076
4077,18077
4078,18078
4079,18079
4080,18080
4081,18081
4082,18082
4083,18083
4084,18084
4085,18085
4086,18086
4087,18087
4088,18088
4089,18089
4090,18090
4091,18091
4092,18092
4093,18093
4094,18094
4095,18095
4096,18096
4097,18097
4098,18098
4099,18099
4100,18100
4101,18101
4102,18102
4103,18103
4104,18104
4105,18105
4106,18106
4107,18107
4108,18108
4109,18109
4110,18110
4111,18111
4112,18112
4113,18113
4114,18114
4115,18115
4116,18116
4117,18117
4118,18118
4119,18119
4120,18120
4121,18121
4122,18122
4123,18123
4124,18124
4125,18125
4126,18126
4127,18127
4128,18128
4129,18129
4130,18130
4131,18131
4132,18132
4133,18133
4134,18134
4135,18135
4136,18136
4137,18137
4138,18138
4139,18139
4140,18140
4141,18141
4142,18142
4143,18143
4144,18144
4145,18145
4146,18146
4147,18147
4148,18148
4149,18149
4150,18150
4151,18151
4152,18152
4153,18153
4154,18154
4155,18155
4156,18156
4157,18157
4158,18158
4159,18159
4160,18160
4161,18161
4162,18162
4163,18163
4164,18164
4165,18165
4166,18166
4167,18167
4168,18168
4169,18169
4170,18170
4171,18171
4172,18172
4173,18173
4174,18174
4175,18175
4176,18176
4177,18177
4178,18178
4179,18179
4180,18180
4181,18181
4182,18182
4183,18183
4184,18184
4185,18185
4186,18186
4187,18187
4188,18188
4189,18189
4190,18190
4191,18191
4192,18192
4193,18193
4194,18194
4195,18195
4196,18196
4197,18197
4198,18198
4199,18199
4200,18200
4201,18201
4202,18202
4203,18203
4204,18204
4205,18205
4206,18206
4207,18207
4208,18208
4209,18209
4210,18210
4211,18211
4212,18212
4213,18213
4214,18214
4215,18215
4216,18216
4217,18217
4218,18218
4219,18219
4220,18220
4221,18221
4222,18222
4223,18223
4224,18224
4225,18225
4226,18226
4227,18227
4228,18228
4229,18229
4230,18230
4231,18231
4232,18232
4233,18233
4234,18234
4235,18235
4236,18236
4237,18237
4238,18238
4239,18239
4240,18240
4241,18241
4242,18242
4243,18243
4244,18244
4245,18245
4246,18246
4247,18247
4248,18248
4249,18249
4250,18250
4251,18251
4252,18252
4253,18253
4254,18254
4255,18255
4256,18256
4257,18257
4258,18258
4259,18259
4260,18260
4261,18261
4262,18262
4263,18263
4264,18264
4265,18265
4266,18266
4267,18267
4268,18268
4269,18269
4270,18270
4271,18271
4272,18272
4273,18273
4274,18274
4275,18275
4276,18276
4277,18277
4278,18278
4279,18279
4280,18280
4281,18281
4282,18282
4283,18283
4284,18284
4285,18285
4286,18286
4287,18287
4288,18288
4289,18289
4290,18290
4291,18291
4292,18292
4293,18293
4294,18294
4295,18295
4296,18296
4297,18297
4298,18298
4299,18299
4300,18300
4301,18301
4302,18302
4303,18303
4304,18304
4305,18305
4306,18306
4307,18307
4308,18308
4309,18309
4310,18310
4311,18311
4312,18312
4313,18313
4314,18314
4315,18315
4316,18316
4317,18317
4318,18318
4319,18319
4320,18320
4321,18321
4322,18322
4323,18323
4324,18324
4325,18325
4326,18326
4327,18327
4328,18328
4329,18329
4330,18330
4331,18331
4332,18332
4333,18333
4334,18334
4335,18335
4336,18336
4337,18337
4338,18338
4339,18339
4340,18340
4341,18341
4342,18342
4343,18343
4344,18344
4345,18345
4346,18346
4347,18347
4348,18348
4349,18349
4350,18350
4351,18351
4352,18352
4353,18353
4354,18354
4355,18355
4356,18356
4357,18357
4358,18358
4359,18359
4360,18360
4361,18361
4362,18362
4363,18363
4364,18364
4365,18365
4366,18366
4367,18367
4368,18368
4369,18369
4370,18370
4371,18371
4372,18372
4373,18373
4374,18374
4375,18375
4376,18376
4377,18377
4378,18378
4379,18379
4380,18380
4381,18381
4382,18382
4383,18383
4384,18384
4385,18385
4386,18386
4387,18387
4388,18388
4389,18389
4390,18390
4391,18391
4392,18392
4393,18393
4394,18394
4395,18395
4396,18396
4397,18397
4398,18398
4399,18399
4400,18400
4401,18401
4402,18402
4403,18403
4404,18404
4405,18405
4406,18406
4407,18407
4408,18408
4409,18409
4410,18410
4411,18411
4412,18412
4413,18413
4414,18414
4415,18415
4416,18416
4417,18417
4418,18418
4419,18419
4420,18420
4421,18421
4422,18422
4423,18423
4424,18424
4425,18425
4426,18426
4427,18427
4428,18428
4429,18429
4430,18430
4431,18431
4432,18432
4433,18433
4434,18434
4435,18435
4436,18436
4437,18437
4438,18438
4439,18439
4440,18440
4441,18441
4442,18442
4443,18443
4444,18444
4445,18445
4446,18446
4447,18447
4448,18448
4449,18449
4450,18450
4451,18451
4452,18452
4453,18453
4454,18454
4455,18455
4456,18456
4457,18457
4458,18458
4459,18459
4460,18460
4461,18461
4462,18462
4463,18463
4464,18464
4465,18465
4466,18466
4467,18467
4468,18468
4469,18469
4470,18470
4471,18471
4472,18472
4473,18473
4474,18474
4475,18475
4476,18476
4477,18477
4478,18478
4479,18479
4480,18480
4481,18481
4482,18482
4483,18483
4484,18484
4485,18485
4486,18486
4487,18487
4488,18488
4489,18489
4490,18490
4491,18491
4492,18492
4493,18493
4494,18494
4495,18495
4496,18496
4497,18497
4498,18498
4499,18499
4500,18500
4501,18501
4502,18502
4503,18503
4504,18504
4505,18505
4506,18506
4507,18507
4508,18508
4509,18509
4510,18510
4511,18511
4512,18512
4513,18513
4514,18514
4515,18515
4516,18516
4517,18517
4518,18518
4519,18519
4520,18520
4521,18521
4522,18522
4523,18523
4524,18524
4525,18525
4526,18526
4527,18527
4528,18528
4529,18529
4530,18530
4531,18531
4532,18532
4533,18533
4534,18534
4535,18535
4536,18536
4537,18537
4538,18538
4539,18539
4540,18540
4541,18541
4542,18542
4543,18543
4544,18544
4545,18545
4546,18546
4547,18547
4548,18548
4549,18549
4550,18550
4551,18551
4552,18552
4553,18553
4554,18554
4555,18555
4556,18556
4557,18557
4558,18558
4559,18559
4560,18560
4561,18561
4562,18562
4563,18563
4564,18564
4565,18565
4566,18566
4567,18567
4568,18568
4569,18569
4570,18570
4571,18571
4572,18572
4573,18573
4574,18574
4575,18575
4576,18576
4577,18577
4578,18578
4579,18579
4580,18580
4581,18581
4582,18582
4583,18583
4584,18584
4585,18585
4586,18586
4587,18587
4588,18588
4589,18589
4590,18590
4591,18591
4592,18592
4593,18593
4594,18594
4595,18595
4596,18596
4597,18597
4598,18598
4599,18599
4600,18600
4601,18601
4602,18602
4603,18603
4604,18604
4605,18605
4606,18606
4607,18607
4608,18608
4609,18609
4610,18610
4611,18611
4612,18612
4613,18613
4614,18614
4615,18615
4616,18616
4617,18617
4618,18618
4619,18619
4620,18620
4621,18621
4622,18622
4623,18623
4624,18624
4625,18625
4626,18626
4627,18627
4628,18628
4629,18629
4630,18630
4631,18631
4632,18632
4633,18633
4634,18634
4635,18635
4636,18636
4637,18637
4638,18638
4639,18639
4640,18640
4641,18641
4642,18642
4643,18643
4644,18644
4645,18645
4646,18646
4647,18647
4648,18648
4649,18649
4650,18650
4651,18651
4652,18652
4653,18653
4654,18654
4655,18655
4656,18656
4657,18657
4658,18658
4659,18659
4660,18660
4661,18661
4662,18662
4663,18663
4664,18664
4665,18665
4666,18666
4667,18667
4668,18668
4669,18669
4670,18670
4671,18671
4672,18672
4673,18673
4674,18674
4675,18675
4676,18676
4677,18677
4678,18678
4679,18679
4680,18680
4681,18681
4682,18682
4683,18683
4684,18684
4685,18685
4686,18686
4687,18687
4688,18688
4689,18689
4690,18690
4691,18691
4692,18692
4693,18693
4694,18694
4695,18695
4696,18696
4697,18697
4698,18698
4699,18699
4700,18700
4701,18701
4702,18702
4703,18703
4704,18704
4705,18705
4706,18706
4707,18707
4708,18708
4709,18709
4710,18710
4711,18711
4712,18712
4713,18713
4714,18714
4715,18715
4716,18716
4717,18717
4718,18718
4719,18719
4720,18720
4721,18721
4722,18722
4723,18723
4724,18724
4725,18725
4726,18726
4727,18727
4728,18728
4729,18729
4730,18730
4731,18731
4732,18732
4733,18733
4734,18734
4735,18735
4736,18736
4737,18737
4738,18738
4739,18739
4740,18740
4741,18741
4742,18742
4743,18743
4744,18744
4745,18745
4746,18746
4747,18747
4748,18748
4749,18749
4750,18750
4751,18751
4752,18752
4753,18753
4754,18754
4755,18755
4756,18756
4757,18757
4758,18758
4759,18759
4760,18760
4761,18761
4762,18762
4763,18763
4764,18764
4765,18765
4766,18766
4767,18767
4768,18768
4769,18769
4770,18770
4771,18771
4772,18772
4773,18773
4774,18774
4775,18775
4776,18776
4777,18777
4778,18778
4779,18779
4780,18780
4781,18781
4782,18782
4783,18783
4784,18784
4785,18785
4786,18786
4787,18787
4788,18788
4789,18789
4790,18790
4791,18791
4792,18792
4793,18793
4794,18794
4795,18795
4796,18796
4797,18797
4798,18798
4799,18799
4800,18800
4801,18801
4802,18802
4803,18803
4804,18804
4805,18805
